2025-08-01 12:04:43,360 - EduRAG - INFO - 这是岑氏
2025-08-01 14:46:29,382 - EduRAG - INFO - 这是岑氏
2025-08-01 14:50:14,444 - EduRAG - INFO - 这是岑氏
2025-08-01 14:55:32,822 - EduRAG - INFO - 这是岑氏
2025-08-01 14:57:02,823 - EduRAG - INFO - 这是岑氏
2025-08-01 14:57:59,916 - EduRAG - INFO - 这是岑氏
2025-08-01 15:32:43,529 - EduRAG - INFO - MySQL 连接成功
2025-08-01 15:33:07,861 - EduRAG - ERROR - MySQL 连接失败: (1045, "Access denied for user 'root'@'localhost' (using password: YES)")
2025-08-01 15:33:36,148 - EduRAG - INFO - MySQL 连接成功
2025-08-01 15:37:27,085 - EduRAG - INFO - MySQL 连接成功
2025-08-01 15:37:27,148 - EduRAG - INFO - 表创建成功
2025-08-01 15:47:23,958 - EduRAG - INFO - MySQL 连接成功
2025-08-01 15:48:38,487 - EduRAG - INFO - MySQL 连接成功
2025-08-01 15:49:20,614 - EduRAG - INFO - MySQL 连接成功
2025-08-01 15:49:32,220 - EduRAG - INFO - MySQL 连接成功
2025-08-01 15:49:50,925 - EduRAG - INFO - MySQL 连接成功
2025-08-01 15:50:42,331 - EduRAG - INFO - MySQL 连接成功
2025-08-01 15:51:01,688 - EduRAG - INFO - MySQL 连接成功
2025-08-01 16:06:18,428 - EduRAG - INFO - MySQL 连接成功
2025-08-01 16:06:18,727 - EduRAG - INFO - Mysql数据插入成功
2025-08-01 16:18:53,426 - EduRAG - INFO - MySQL 连接成功
2025-08-01 16:18:53,429 - EduRAG - INFO - 成功获取问题
2025-08-01 16:22:13,191 - EduRAG - INFO - MySQL 连接成功
2025-08-01 16:24:53,879 - EduRAG - INFO - MySQL 连接成功
2025-08-01 16:24:53,881 - EduRAG - INFO - MySQL 连接已关闭
2025-08-01 16:49:02,919 - EduRAG - INFO - Redis 连接成功
2025-08-01 16:49:53,602 - EduRAG - INFO - Redis 连接成功
2025-08-01 16:51:25,794 - EduRAG - INFO - Redis 连接成功
2025-08-01 16:52:00,245 - EduRAG - INFO - Redis 连接成功
2025-08-01 16:52:00,254 - EduRAG - INFO - 从 Redis 获取答案: 黑马程序员
2025-08-01 17:00:27,426 - EduRAG - INFO - 开始预处理文本
2025-08-01 17:00:55,445 - EduRAG - INFO - 开始预处理文本
2025-08-01 17:38:22,621 - EduRAG - INFO - Redis 连接成功
2025-08-01 17:38:59,662 - EduRAG - INFO - Redis 连接成功
2025-08-01 17:38:59,730 - EduRAG - INFO - MySQL 连接成功
2025-08-01 17:49:05,023 - EduRAG - INFO - Redis 连接成功
2025-08-01 17:49:05,038 - EduRAG - INFO - MySQL 连接成功
2025-08-01 17:51:56,887 - EduRAG - INFO - Redis 连接成功
2025-08-01 17:51:56,897 - EduRAG - INFO - MySQL 连接成功
2025-08-01 17:53:52,296 - EduRAG - INFO - Redis 连接成功
2025-08-01 17:53:52,304 - EduRAG - INFO - MySQL 连接成功
2025-08-01 17:54:03,424 - EduRAG - INFO - Redis 连接成功
2025-08-01 17:54:03,429 - EduRAG - INFO - MySQL 连接成功
2025-08-01 17:54:14,069 - EduRAG - INFO - Redis 连接成功
2025-08-01 17:54:14,078 - EduRAG - INFO - MySQL 连接成功
2025-08-01 18:00:18,298 - EduRAG - INFO - Redis 连接成功
2025-08-01 18:00:18,308 - EduRAG - INFO - MySQL 连接成功
2025-08-01 18:00:18,345 - EduRAG - INFO - 成功获取问题
2025-08-01 18:03:54,773 - EduRAG - INFO - Redis 连接成功
2025-08-01 18:03:54,782 - EduRAG - INFO - MySQL 连接成功
2025-08-01 18:03:54,800 - EduRAG - INFO - 成功获取问题
2025-08-01 18:03:54,801 - EduRAG - INFO - 开始预处理文本
2025-08-01 18:03:55,165 - EduRAG - INFO - 开始预处理文本
2025-08-01 18:03:55,166 - EduRAG - INFO - 开始预处理文本
2025-08-01 18:03:55,166 - EduRAG - INFO - 开始预处理文本
2025-08-01 18:03:55,166 - EduRAG - INFO - 开始预处理文本
2025-08-01 18:03:55,166 - EduRAG - INFO - 开始预处理文本
2025-08-01 18:03:55,167 - EduRAG - INFO - 开始预处理文本
2025-08-01 18:03:55,167 - EduRAG - INFO - 开始预处理文本
2025-08-01 18:03:55,167 - EduRAG - INFO - 开始预处理文本
2025-08-01 18:03:55,167 - EduRAG - INFO - 开始预处理文本
2025-08-01 18:03:55,167 - EduRAG - INFO - 开始预处理文本
2025-08-01 18:03:55,167 - EduRAG - INFO - 开始预处理文本
2025-08-01 18:03:55,167 - EduRAG - INFO - 开始预处理文本
2025-08-01 18:03:55,167 - EduRAG - INFO - 开始预处理文本
2025-08-01 18:03:55,167 - EduRAG - INFO - 开始预处理文本
2025-08-01 18:03:55,167 - EduRAG - INFO - 开始预处理文本
2025-08-01 18:03:55,168 - EduRAG - INFO - 开始预处理文本
2025-08-01 18:03:55,168 - EduRAG - INFO - 开始预处理文本
2025-08-01 18:03:55,168 - EduRAG - INFO - 开始预处理文本
2025-08-01 18:03:55,168 - EduRAG - INFO - 开始预处理文本
2025-08-01 18:03:55,168 - EduRAG - INFO - 开始预处理文本
2025-08-01 18:03:55,168 - EduRAG - INFO - 开始预处理文本
2025-08-01 18:03:55,168 - EduRAG - INFO - 开始预处理文本
2025-08-01 18:03:55,168 - EduRAG - INFO - 开始预处理文本
2025-08-01 18:03:55,168 - EduRAG - INFO - 开始预处理文本
2025-08-01 18:03:55,168 - EduRAG - INFO - 开始预处理文本
2025-08-01 18:03:55,168 - EduRAG - INFO - 开始预处理文本
2025-08-01 18:03:55,168 - EduRAG - INFO - 开始预处理文本
2025-08-01 18:03:55,168 - EduRAG - INFO - 开始预处理文本
2025-08-01 18:03:55,168 - EduRAG - INFO - 开始预处理文本
2025-08-01 18:03:55,168 - EduRAG - INFO - 开始预处理文本
2025-08-01 18:03:55,169 - EduRAG - INFO - 开始预处理文本
2025-08-01 18:03:55,169 - EduRAG - INFO - 开始预处理文本
2025-08-01 18:03:55,169 - EduRAG - INFO - 开始预处理文本
2025-08-01 18:03:55,169 - EduRAG - INFO - 开始预处理文本
2025-08-01 18:03:55,169 - EduRAG - INFO - 开始预处理文本
2025-08-01 18:03:55,169 - EduRAG - INFO - 开始预处理文本
2025-08-01 18:03:55,169 - EduRAG - INFO - 开始预处理文本
2025-08-01 18:03:55,169 - EduRAG - INFO - 开始预处理文本
2025-08-01 18:03:55,169 - EduRAG - INFO - 开始预处理文本
2025-08-01 18:03:55,169 - EduRAG - INFO - 开始预处理文本
2025-08-01 18:03:55,169 - EduRAG - INFO - 开始预处理文本
2025-08-01 18:03:55,169 - EduRAG - INFO - 开始预处理文本
2025-08-01 18:03:55,169 - EduRAG - INFO - 开始预处理文本
2025-08-01 18:03:55,169 - EduRAG - INFO - 开始预处理文本
2025-08-01 18:03:55,169 - EduRAG - INFO - 开始预处理文本
2025-08-01 18:03:55,169 - EduRAG - INFO - 开始预处理文本
2025-08-01 18:03:55,169 - EduRAG - INFO - 开始预处理文本
2025-08-01 18:03:55,170 - EduRAG - INFO - 开始预处理文本
2025-08-01 18:03:55,170 - EduRAG - INFO - 开始预处理文本
2025-08-01 18:03:55,170 - EduRAG - INFO - 开始预处理文本
2025-08-01 18:03:55,170 - EduRAG - INFO - 开始预处理文本
2025-08-01 18:03:55,170 - EduRAG - INFO - 开始预处理文本
2025-08-01 18:03:55,170 - EduRAG - INFO - 开始预处理文本
2025-08-01 18:03:55,170 - EduRAG - INFO - 开始预处理文本
2025-08-01 18:03:55,170 - EduRAG - INFO - 开始预处理文本
2025-08-01 18:03:55,170 - EduRAG - INFO - 开始预处理文本
2025-08-01 18:03:55,170 - EduRAG - INFO - 开始预处理文本
2025-08-01 18:03:55,170 - EduRAG - INFO - 开始预处理文本
2025-08-01 18:03:55,170 - EduRAG - INFO - 开始预处理文本
2025-08-01 18:03:55,170 - EduRAG - INFO - 开始预处理文本
2025-08-01 18:03:55,170 - EduRAG - INFO - 开始预处理文本
2025-08-01 18:03:55,170 - EduRAG - INFO - 开始预处理文本
2025-08-01 18:03:55,170 - EduRAG - INFO - 开始预处理文本
2025-08-01 18:03:55,171 - EduRAG - INFO - 开始预处理文本
2025-08-01 18:03:55,171 - EduRAG - INFO - 开始预处理文本
2025-08-01 18:03:55,171 - EduRAG - INFO - 开始预处理文本
2025-08-01 18:03:55,171 - EduRAG - INFO - 开始预处理文本
2025-08-01 18:03:55,171 - EduRAG - INFO - 开始预处理文本
2025-08-01 18:03:55,171 - EduRAG - INFO - 开始预处理文本
2025-08-01 18:03:55,171 - EduRAG - INFO - 开始预处理文本
2025-08-01 18:03:55,171 - EduRAG - INFO - 开始预处理文本
2025-08-01 18:03:55,171 - EduRAG - INFO - 开始预处理文本
2025-08-01 18:03:55,171 - EduRAG - INFO - 开始预处理文本
2025-08-01 18:03:55,171 - EduRAG - INFO - 开始预处理文本
2025-08-01 18:03:55,171 - EduRAG - INFO - 开始预处理文本
2025-08-01 18:03:55,171 - EduRAG - INFO - 开始预处理文本
2025-08-01 18:03:55,171 - EduRAG - INFO - 开始预处理文本
2025-08-01 18:03:55,171 - EduRAG - INFO - 开始预处理文本
2025-08-01 18:03:55,171 - EduRAG - INFO - 开始预处理文本
2025-08-01 18:03:55,171 - EduRAG - INFO - 开始预处理文本
2025-08-01 18:03:55,171 - EduRAG - INFO - 开始预处理文本
2025-08-01 18:03:55,171 - EduRAG - INFO - 开始预处理文本
2025-08-01 18:03:55,171 - EduRAG - INFO - 开始预处理文本
2025-08-01 18:03:55,172 - EduRAG - INFO - 开始预处理文本
2025-08-01 18:03:55,172 - EduRAG - INFO - 开始预处理文本
2025-08-01 18:03:55,172 - EduRAG - INFO - 开始预处理文本
2025-08-01 18:03:55,172 - EduRAG - INFO - 开始预处理文本
2025-08-01 18:03:55,172 - EduRAG - INFO - 开始预处理文本
2025-08-01 18:03:55,172 - EduRAG - INFO - 开始预处理文本
2025-08-01 18:03:55,172 - EduRAG - INFO - 开始预处理文本
2025-08-01 18:03:55,172 - EduRAG - INFO - 开始预处理文本
2025-08-01 18:03:55,172 - EduRAG - INFO - 开始预处理文本
2025-08-01 18:03:55,172 - EduRAG - INFO - 开始预处理文本
2025-08-01 18:03:55,172 - EduRAG - INFO - 开始预处理文本
2025-08-01 18:03:55,172 - EduRAG - INFO - 开始预处理文本
2025-08-01 18:03:55,172 - EduRAG - INFO - 开始预处理文本
2025-08-01 18:03:55,172 - EduRAG - INFO - 开始预处理文本
2025-08-01 18:03:55,172 - EduRAG - INFO - 开始预处理文本
2025-08-01 18:03:55,172 - EduRAG - INFO - 开始预处理文本
2025-08-01 18:03:55,172 - EduRAG - INFO - 开始预处理文本
2025-08-01 18:03:55,172 - EduRAG - INFO - 开始预处理文本
2025-08-01 18:03:55,172 - EduRAG - INFO - 开始预处理文本
2025-08-01 18:03:55,172 - EduRAG - INFO - 开始预处理文本
2025-08-01 18:03:55,173 - EduRAG - INFO - 开始预处理文本
2025-08-01 18:03:55,173 - EduRAG - INFO - 开始预处理文本
2025-08-01 18:03:55,173 - EduRAG - INFO - 开始预处理文本
2025-08-01 18:03:55,173 - EduRAG - INFO - 开始预处理文本
2025-08-01 18:03:55,173 - EduRAG - INFO - 开始预处理文本
2025-08-01 18:03:55,173 - EduRAG - INFO - 开始预处理文本
2025-08-01 18:03:55,173 - EduRAG - INFO - 开始预处理文本
2025-08-01 18:03:55,173 - EduRAG - INFO - 开始预处理文本
2025-08-01 18:03:55,173 - EduRAG - INFO - 开始预处理文本
2025-08-01 18:03:55,173 - EduRAG - INFO - 开始预处理文本
2025-08-01 18:03:55,173 - EduRAG - INFO - 开始预处理文本
2025-08-01 18:03:55,173 - EduRAG - INFO - 开始预处理文本
2025-08-01 18:03:55,173 - EduRAG - INFO - 开始预处理文本
2025-08-01 18:03:55,173 - EduRAG - INFO - 开始预处理文本
2025-08-01 18:03:55,173 - EduRAG - INFO - 开始预处理文本
2025-08-01 18:03:55,173 - EduRAG - INFO - 开始预处理文本
2025-08-01 18:03:55,173 - EduRAG - INFO - 开始预处理文本
2025-08-01 18:03:55,173 - EduRAG - INFO - 开始预处理文本
2025-08-01 18:03:55,173 - EduRAG - INFO - 开始预处理文本
2025-08-01 18:03:55,173 - EduRAG - INFO - 开始预处理文本
2025-08-01 18:03:55,173 - EduRAG - INFO - 开始预处理文本
2025-08-01 18:03:55,173 - EduRAG - INFO - 开始预处理文本
2025-08-01 18:03:55,173 - EduRAG - INFO - 开始预处理文本
2025-08-01 18:03:55,173 - EduRAG - INFO - 开始预处理文本
2025-08-01 18:03:55,174 - EduRAG - INFO - 开始预处理文本
2025-08-01 18:03:55,174 - EduRAG - INFO - 开始预处理文本
2025-08-01 18:03:55,174 - EduRAG - INFO - 开始预处理文本
2025-08-01 18:03:55,174 - EduRAG - INFO - 开始预处理文本
2025-08-01 18:03:55,174 - EduRAG - INFO - 开始预处理文本
2025-08-01 18:03:55,174 - EduRAG - INFO - 开始预处理文本
2025-08-01 18:03:55,174 - EduRAG - INFO - 开始预处理文本
2025-08-01 18:03:55,174 - EduRAG - INFO - 开始预处理文本
2025-08-01 18:03:55,174 - EduRAG - INFO - 开始预处理文本
2025-08-01 18:03:55,174 - EduRAG - INFO - 开始预处理文本
2025-08-01 18:03:55,174 - EduRAG - INFO - 开始预处理文本
2025-08-01 18:03:55,174 - EduRAG - INFO - 开始预处理文本
2025-08-01 18:03:55,174 - EduRAG - INFO - 开始预处理文本
2025-08-01 18:03:55,174 - EduRAG - INFO - 开始预处理文本
2025-08-01 18:03:55,174 - EduRAG - INFO - 开始预处理文本
2025-08-01 18:03:55,174 - EduRAG - INFO - 开始预处理文本
2025-08-01 18:03:55,174 - EduRAG - INFO - 开始预处理文本
2025-08-01 18:03:55,174 - EduRAG - INFO - 开始预处理文本
2025-08-01 18:03:55,175 - EduRAG - INFO - 开始预处理文本
2025-08-01 18:03:55,175 - EduRAG - INFO - 开始预处理文本
2025-08-01 18:03:55,175 - EduRAG - INFO - 开始预处理文本
2025-08-01 18:03:55,175 - EduRAG - INFO - 开始预处理文本
2025-08-01 18:03:55,175 - EduRAG - INFO - 开始预处理文本
2025-08-01 18:03:55,175 - EduRAG - INFO - 开始预处理文本
2025-08-01 18:03:55,175 - EduRAG - INFO - 开始预处理文本
2025-08-01 18:03:55,175 - EduRAG - INFO - 开始预处理文本
2025-08-01 18:03:55,175 - EduRAG - INFO - 开始预处理文本
2025-08-01 18:03:55,175 - EduRAG - INFO - 开始预处理文本
2025-08-01 18:03:55,175 - EduRAG - INFO - 开始预处理文本
2025-08-01 18:03:55,175 - EduRAG - INFO - 开始预处理文本
2025-08-01 18:03:55,175 - EduRAG - INFO - 开始预处理文本
2025-08-01 18:03:55,175 - EduRAG - INFO - 开始预处理文本
2025-08-01 18:03:55,175 - EduRAG - INFO - 开始预处理文本
2025-08-01 18:03:55,175 - EduRAG - INFO - 开始预处理文本
2025-08-01 18:03:55,175 - EduRAG - INFO - 开始预处理文本
2025-08-01 18:03:55,175 - EduRAG - INFO - 开始预处理文本
2025-08-01 18:03:55,175 - EduRAG - INFO - 开始预处理文本
2025-08-01 18:03:55,175 - EduRAG - INFO - 开始预处理文本
2025-08-01 18:03:55,175 - EduRAG - INFO - 开始预处理文本
2025-08-01 18:03:55,175 - EduRAG - INFO - 开始预处理文本
2025-08-01 18:03:55,175 - EduRAG - INFO - 开始预处理文本
2025-08-01 18:03:55,176 - EduRAG - INFO - 开始预处理文本
2025-08-01 18:03:55,176 - EduRAG - INFO - 开始预处理文本
2025-08-01 18:03:55,176 - EduRAG - INFO - 开始预处理文本
2025-08-01 18:03:55,176 - EduRAG - INFO - 开始预处理文本
2025-08-01 18:03:55,176 - EduRAG - INFO - 开始预处理文本
2025-08-01 18:03:55,176 - EduRAG - INFO - 开始预处理文本
2025-08-01 18:03:55,176 - EduRAG - INFO - 开始预处理文本
2025-08-01 18:03:55,176 - EduRAG - INFO - 开始预处理文本
2025-08-01 18:03:55,176 - EduRAG - INFO - 开始预处理文本
2025-08-01 18:03:55,176 - EduRAG - INFO - 开始预处理文本
2025-08-01 18:03:55,176 - EduRAG - INFO - 开始预处理文本
2025-08-01 18:03:55,176 - EduRAG - INFO - 开始预处理文本
2025-08-01 18:03:55,176 - EduRAG - INFO - 开始预处理文本
2025-08-01 18:03:55,176 - EduRAG - INFO - 开始预处理文本
2025-08-01 18:03:55,176 - EduRAG - INFO - 开始预处理文本
2025-08-01 18:03:55,176 - EduRAG - INFO - 开始预处理文本
2025-08-01 18:03:55,176 - EduRAG - INFO - 开始预处理文本
2025-08-01 18:03:55,176 - EduRAG - INFO - 开始预处理文本
2025-08-01 18:03:55,176 - EduRAG - INFO - 开始预处理文本
2025-08-01 18:03:55,176 - EduRAG - INFO - 开始预处理文本
2025-08-01 18:03:55,176 - EduRAG - INFO - 开始预处理文本
2025-08-01 18:03:55,176 - EduRAG - INFO - 开始预处理文本
2025-08-01 18:03:55,176 - EduRAG - INFO - 开始预处理文本
2025-08-01 18:03:55,177 - EduRAG - INFO - 开始预处理文本
2025-08-01 18:03:55,177 - EduRAG - INFO - 开始预处理文本
2025-08-01 18:03:55,177 - EduRAG - INFO - 开始预处理文本
2025-08-01 18:03:55,177 - EduRAG - INFO - 开始预处理文本
2025-08-01 18:03:55,177 - EduRAG - INFO - 开始预处理文本
2025-08-01 18:03:55,177 - EduRAG - INFO - 开始预处理文本
2025-08-01 18:03:55,177 - EduRAG - INFO - 开始预处理文本
2025-08-01 18:03:55,177 - EduRAG - INFO - 开始预处理文本
2025-08-01 18:03:55,177 - EduRAG - INFO - 开始预处理文本
2025-08-01 18:03:55,177 - EduRAG - INFO - 开始预处理文本
2025-08-01 18:03:55,177 - EduRAG - INFO - 开始预处理文本
2025-08-01 18:03:55,177 - EduRAG - INFO - 开始预处理文本
2025-08-01 18:03:55,177 - EduRAG - INFO - 开始预处理文本
2025-08-01 18:03:55,177 - EduRAG - INFO - 开始预处理文本
2025-08-01 18:03:55,177 - EduRAG - INFO - 开始预处理文本
2025-08-01 18:03:55,177 - EduRAG - INFO - 开始预处理文本
2025-08-01 18:03:55,177 - EduRAG - INFO - 开始预处理文本
2025-08-01 18:03:55,178 - EduRAG - INFO - 开始预处理文本
2025-08-01 18:03:55,178 - EduRAG - INFO - 开始预处理文本
2025-08-01 18:03:55,178 - EduRAG - INFO - 开始预处理文本
2025-08-01 18:03:55,178 - EduRAG - INFO - 开始预处理文本
2025-08-01 18:03:55,178 - EduRAG - INFO - 开始预处理文本
2025-08-01 18:03:55,178 - EduRAG - INFO - 开始预处理文本
2025-08-01 18:03:55,178 - EduRAG - INFO - 开始预处理文本
2025-08-01 18:03:55,178 - EduRAG - INFO - 开始预处理文本
2025-08-01 18:03:55,178 - EduRAG - INFO - 开始预处理文本
2025-08-01 18:03:55,178 - EduRAG - INFO - 开始预处理文本
2025-08-01 18:03:55,178 - EduRAG - INFO - 开始预处理文本
2025-08-01 18:03:55,178 - EduRAG - INFO - 开始预处理文本
2025-08-01 18:03:55,178 - EduRAG - INFO - 开始预处理文本
2025-08-01 18:03:55,178 - EduRAG - INFO - 开始预处理文本
2025-08-01 18:03:55,178 - EduRAG - INFO - 开始预处理文本
2025-08-01 18:03:55,178 - EduRAG - INFO - 开始预处理文本
2025-08-01 18:03:55,178 - EduRAG - INFO - 开始预处理文本
2025-08-01 18:03:55,178 - EduRAG - INFO - 开始预处理文本
2025-08-01 18:03:55,178 - EduRAG - INFO - 开始预处理文本
2025-08-01 18:03:55,178 - EduRAG - INFO - 开始预处理文本
2025-08-01 18:03:55,178 - EduRAG - INFO - 开始预处理文本
2025-08-01 18:03:55,179 - EduRAG - INFO - 开始预处理文本
2025-08-01 18:03:55,179 - EduRAG - INFO - 开始预处理文本
2025-08-01 18:03:55,179 - EduRAG - INFO - 开始预处理文本
2025-08-01 18:03:55,179 - EduRAG - INFO - 开始预处理文本
2025-08-01 18:03:55,179 - EduRAG - INFO - 开始预处理文本
2025-08-01 18:03:55,179 - EduRAG - INFO - 开始预处理文本
2025-08-01 18:03:55,179 - EduRAG - INFO - 开始预处理文本
2025-08-01 18:03:55,179 - EduRAG - INFO - 开始预处理文本
2025-08-01 18:03:55,179 - EduRAG - INFO - 开始预处理文本
2025-08-01 18:03:55,179 - EduRAG - INFO - 开始预处理文本
2025-08-01 18:03:55,179 - EduRAG - INFO - 开始预处理文本
2025-08-01 18:03:55,179 - EduRAG - INFO - 开始预处理文本
2025-08-01 18:03:55,179 - EduRAG - INFO - 开始预处理文本
2025-08-01 18:03:55,179 - EduRAG - INFO - 开始预处理文本
2025-08-01 18:03:55,179 - EduRAG - INFO - 开始预处理文本
2025-08-01 18:03:55,179 - EduRAG - INFO - 开始预处理文本
2025-08-01 18:03:55,179 - EduRAG - INFO - 开始预处理文本
2025-08-01 18:03:55,179 - EduRAG - INFO - 开始预处理文本
2025-08-01 18:03:55,179 - EduRAG - INFO - 开始预处理文本
2025-08-01 18:03:55,179 - EduRAG - INFO - 开始预处理文本
2025-08-01 18:03:55,179 - EduRAG - INFO - 开始预处理文本
2025-08-01 18:03:55,179 - EduRAG - INFO - 开始预处理文本
2025-08-01 18:03:55,179 - EduRAG - INFO - 开始预处理文本
2025-08-01 18:03:55,179 - EduRAG - INFO - 开始预处理文本
2025-08-01 18:03:55,180 - EduRAG - INFO - 开始预处理文本
2025-08-01 18:03:55,180 - EduRAG - INFO - 开始预处理文本
2025-08-01 18:03:55,180 - EduRAG - INFO - 开始预处理文本
2025-08-01 18:03:55,180 - EduRAG - INFO - 开始预处理文本
2025-08-01 18:03:55,180 - EduRAG - INFO - 开始预处理文本
2025-08-01 18:03:55,180 - EduRAG - INFO - 开始预处理文本
2025-08-01 18:03:55,180 - EduRAG - INFO - 开始预处理文本
2025-08-01 18:03:55,180 - EduRAG - INFO - 开始预处理文本
2025-08-01 18:03:55,180 - EduRAG - INFO - 开始预处理文本
2025-08-01 18:03:55,180 - EduRAG - INFO - 开始预处理文本
2025-08-01 18:03:55,180 - EduRAG - INFO - 开始预处理文本
2025-08-01 18:03:55,180 - EduRAG - INFO - 开始预处理文本
2025-08-01 18:03:55,180 - EduRAG - INFO - 开始预处理文本
2025-08-01 18:03:55,180 - EduRAG - INFO - 开始预处理文本
2025-08-01 18:03:55,180 - EduRAG - INFO - 开始预处理文本
2025-08-01 18:03:55,180 - EduRAG - INFO - 开始预处理文本
2025-08-01 18:03:55,180 - EduRAG - INFO - 开始预处理文本
2025-08-01 18:03:55,180 - EduRAG - INFO - 开始预处理文本
2025-08-01 18:03:55,180 - EduRAG - INFO - 开始预处理文本
2025-08-01 18:03:55,180 - EduRAG - INFO - 开始预处理文本
2025-08-01 18:03:55,180 - EduRAG - INFO - 开始预处理文本
2025-08-01 18:03:55,180 - EduRAG - INFO - 开始预处理文本
2025-08-01 18:03:55,180 - EduRAG - INFO - 开始预处理文本
2025-08-01 18:03:55,180 - EduRAG - INFO - 开始预处理文本
2025-08-01 18:03:55,181 - EduRAG - INFO - 开始预处理文本
2025-08-01 18:03:55,181 - EduRAG - INFO - 开始预处理文本
2025-08-01 18:03:55,181 - EduRAG - INFO - 开始预处理文本
2025-08-01 18:03:55,181 - EduRAG - INFO - 开始预处理文本
2025-08-01 18:03:55,181 - EduRAG - INFO - 开始预处理文本
2025-08-01 18:03:55,181 - EduRAG - INFO - 开始预处理文本
2025-08-01 18:03:55,181 - EduRAG - INFO - 开始预处理文本
2025-08-01 18:03:55,181 - EduRAG - INFO - 开始预处理文本
2025-08-01 18:03:55,181 - EduRAG - INFO - 开始预处理文本
2025-08-01 18:03:55,181 - EduRAG - INFO - 开始预处理文本
2025-08-01 18:03:55,181 - EduRAG - INFO - 开始预处理文本
2025-08-01 18:03:55,181 - EduRAG - INFO - 开始预处理文本
2025-08-01 18:03:55,181 - EduRAG - INFO - 开始预处理文本
2025-08-01 18:03:55,181 - EduRAG - INFO - 开始预处理文本
2025-08-01 18:03:55,181 - EduRAG - INFO - 开始预处理文本
2025-08-01 18:03:55,181 - EduRAG - INFO - 开始预处理文本
2025-08-01 18:03:55,181 - EduRAG - INFO - 开始预处理文本
2025-08-01 18:03:55,182 - EduRAG - INFO - 开始预处理文本
2025-08-01 18:03:55,182 - EduRAG - INFO - 开始预处理文本
2025-08-01 18:03:55,182 - EduRAG - INFO - 开始预处理文本
2025-08-01 18:03:55,182 - EduRAG - INFO - 开始预处理文本
2025-08-01 18:03:55,182 - EduRAG - INFO - 开始预处理文本
2025-08-01 18:03:55,182 - EduRAG - INFO - 开始预处理文本
2025-08-01 18:03:55,182 - EduRAG - INFO - 开始预处理文本
2025-08-01 18:03:55,182 - EduRAG - INFO - 开始预处理文本
2025-08-01 18:03:55,182 - EduRAG - INFO - 开始预处理文本
2025-08-01 18:03:55,182 - EduRAG - INFO - 开始预处理文本
2025-08-01 18:03:55,182 - EduRAG - INFO - 开始预处理文本
2025-08-01 18:03:55,182 - EduRAG - INFO - 开始预处理文本
2025-08-01 18:03:55,182 - EduRAG - INFO - 开始预处理文本
2025-08-01 18:03:55,182 - EduRAG - INFO - 开始预处理文本
2025-08-01 18:03:55,182 - EduRAG - INFO - 开始预处理文本
2025-08-01 18:03:55,182 - EduRAG - INFO - 开始预处理文本
2025-08-01 18:03:55,182 - EduRAG - INFO - 开始预处理文本
2025-08-01 18:03:55,182 - EduRAG - INFO - 开始预处理文本
2025-08-01 18:03:55,182 - EduRAG - INFO - 开始预处理文本
2025-08-01 18:03:55,183 - EduRAG - INFO - 开始预处理文本
2025-08-01 18:03:55,183 - EduRAG - INFO - 开始预处理文本
2025-08-01 18:03:55,183 - EduRAG - INFO - 开始预处理文本
2025-08-01 18:03:55,183 - EduRAG - INFO - 开始预处理文本
2025-08-01 18:03:55,183 - EduRAG - INFO - 开始预处理文本
2025-08-01 18:03:55,183 - EduRAG - INFO - 开始预处理文本
2025-08-01 18:03:55,183 - EduRAG - INFO - 开始预处理文本
2025-08-01 18:03:55,183 - EduRAG - INFO - 开始预处理文本
2025-08-01 18:03:55,183 - EduRAG - INFO - 开始预处理文本
2025-08-01 18:03:55,183 - EduRAG - INFO - 开始预处理文本
2025-08-01 18:03:55,183 - EduRAG - INFO - 开始预处理文本
2025-08-01 18:03:55,183 - EduRAG - INFO - 开始预处理文本
2025-08-01 18:03:55,183 - EduRAG - INFO - 开始预处理文本
2025-08-01 18:03:55,183 - EduRAG - INFO - 开始预处理文本
2025-08-01 18:03:55,183 - EduRAG - INFO - 开始预处理文本
2025-08-01 18:03:55,184 - EduRAG - INFO - 开始预处理文本
2025-08-01 18:03:55,184 - EduRAG - INFO - 开始预处理文本
2025-08-01 18:03:55,184 - EduRAG - INFO - 开始预处理文本
2025-08-01 18:03:55,184 - EduRAG - INFO - 开始预处理文本
2025-08-01 18:03:55,184 - EduRAG - INFO - 开始预处理文本
2025-08-01 18:03:55,184 - EduRAG - INFO - 开始预处理文本
2025-08-01 18:03:55,184 - EduRAG - INFO - 开始预处理文本
2025-08-01 18:03:55,184 - EduRAG - INFO - 开始预处理文本
2025-08-01 18:03:55,184 - EduRAG - INFO - 开始预处理文本
2025-08-01 18:03:55,184 - EduRAG - INFO - 开始预处理文本
2025-08-01 18:03:55,184 - EduRAG - INFO - 开始预处理文本
2025-08-01 18:03:55,184 - EduRAG - INFO - 开始预处理文本
2025-08-01 18:03:55,184 - EduRAG - INFO - 开始预处理文本
2025-08-01 18:03:55,184 - EduRAG - INFO - 开始预处理文本
2025-08-01 18:03:55,185 - EduRAG - INFO - 开始预处理文本
2025-08-01 18:03:55,185 - EduRAG - INFO - 开始预处理文本
2025-08-01 18:03:55,185 - EduRAG - INFO - 开始预处理文本
2025-08-01 18:03:55,185 - EduRAG - INFO - 开始预处理文本
2025-08-01 18:03:55,185 - EduRAG - INFO - 开始预处理文本
2025-08-01 18:03:55,185 - EduRAG - INFO - 开始预处理文本
2025-08-01 18:03:55,185 - EduRAG - INFO - 开始预处理文本
2025-08-01 18:03:55,185 - EduRAG - INFO - 开始预处理文本
2025-08-01 18:03:55,185 - EduRAG - INFO - 开始预处理文本
2025-08-01 18:03:55,185 - EduRAG - INFO - 开始预处理文本
2025-08-01 18:03:55,185 - EduRAG - INFO - 开始预处理文本
2025-08-01 18:03:55,185 - EduRAG - INFO - 开始预处理文本
2025-08-01 18:03:55,185 - EduRAG - INFO - 开始预处理文本
2025-08-01 18:03:55,185 - EduRAG - INFO - 开始预处理文本
2025-08-01 18:03:55,185 - EduRAG - INFO - 开始预处理文本
2025-08-01 18:03:55,185 - EduRAG - INFO - 开始预处理文本
2025-08-01 18:03:55,185 - EduRAG - INFO - 开始预处理文本
2025-08-01 18:03:55,186 - EduRAG - INFO - 开始预处理文本
2025-08-01 18:03:55,186 - EduRAG - INFO - 开始预处理文本
2025-08-01 18:03:55,186 - EduRAG - INFO - 开始预处理文本
2025-08-01 18:03:55,186 - EduRAG - INFO - 开始预处理文本
2025-08-01 18:03:55,186 - EduRAG - INFO - 开始预处理文本
2025-08-01 18:03:55,186 - EduRAG - INFO - 开始预处理文本
2025-08-01 18:03:55,186 - EduRAG - INFO - 开始预处理文本
2025-08-01 18:03:55,186 - EduRAG - INFO - 开始预处理文本
2025-08-01 18:03:55,186 - EduRAG - INFO - 开始预处理文本
2025-08-01 18:03:55,186 - EduRAG - INFO - 开始预处理文本
2025-08-01 18:03:55,186 - EduRAG - INFO - 开始预处理文本
2025-08-01 18:03:55,186 - EduRAG - INFO - 开始预处理文本
2025-08-01 18:03:55,186 - EduRAG - INFO - 开始预处理文本
2025-08-01 18:03:55,186 - EduRAG - INFO - 开始预处理文本
2025-08-01 18:03:55,186 - EduRAG - INFO - 开始预处理文本
2025-08-01 18:03:55,186 - EduRAG - INFO - 开始预处理文本
2025-08-01 18:03:55,186 - EduRAG - INFO - 开始预处理文本
2025-08-01 18:03:55,186 - EduRAG - INFO - 开始预处理文本
2025-08-01 18:03:55,186 - EduRAG - INFO - 开始预处理文本
2025-08-01 18:03:55,186 - EduRAG - INFO - 开始预处理文本
2025-08-01 18:03:55,186 - EduRAG - INFO - 开始预处理文本
2025-08-01 18:03:55,186 - EduRAG - INFO - 开始预处理文本
2025-08-01 18:03:55,186 - EduRAG - INFO - 开始预处理文本
2025-08-01 18:03:55,186 - EduRAG - INFO - 开始预处理文本
2025-08-01 18:03:55,187 - EduRAG - INFO - 开始预处理文本
2025-08-01 18:03:55,187 - EduRAG - INFO - 开始预处理文本
2025-08-01 18:03:55,187 - EduRAG - INFO - 开始预处理文本
2025-08-01 18:03:55,187 - EduRAG - INFO - 开始预处理文本
2025-08-01 18:03:55,187 - EduRAG - INFO - 开始预处理文本
2025-08-01 18:03:55,187 - EduRAG - INFO - 开始预处理文本
2025-08-01 18:03:55,187 - EduRAG - INFO - 开始预处理文本
2025-08-01 18:03:55,187 - EduRAG - INFO - 开始预处理文本
2025-08-01 18:03:55,187 - EduRAG - INFO - 开始预处理文本
2025-08-01 18:03:55,187 - EduRAG - INFO - 开始预处理文本
2025-08-01 18:03:55,187 - EduRAG - INFO - 开始预处理文本
2025-08-01 18:03:55,187 - EduRAG - INFO - 开始预处理文本
2025-08-01 18:03:55,187 - EduRAG - INFO - 开始预处理文本
2025-08-01 18:03:55,187 - EduRAG - INFO - 开始预处理文本
2025-08-01 18:03:55,188 - EduRAG - INFO - 开始预处理文本
2025-08-01 18:03:55,188 - EduRAG - INFO - 开始预处理文本
2025-08-01 18:03:55,188 - EduRAG - INFO - 开始预处理文本
2025-08-01 18:03:55,188 - EduRAG - INFO - 开始预处理文本
2025-08-01 18:03:55,188 - EduRAG - INFO - 开始预处理文本
2025-08-01 18:03:55,188 - EduRAG - INFO - 开始预处理文本
2025-08-01 18:03:55,188 - EduRAG - INFO - 开始预处理文本
2025-08-01 18:03:55,188 - EduRAG - INFO - 开始预处理文本
2025-08-01 18:03:55,188 - EduRAG - INFO - 开始预处理文本
2025-08-01 18:03:55,188 - EduRAG - INFO - 开始预处理文本
2025-08-01 18:03:55,188 - EduRAG - INFO - 开始预处理文本
2025-08-01 18:03:55,188 - EduRAG - INFO - 开始预处理文本
2025-08-01 18:03:55,188 - EduRAG - INFO - 开始预处理文本
2025-08-01 18:03:55,188 - EduRAG - INFO - 开始预处理文本
2025-08-01 18:03:55,188 - EduRAG - INFO - 开始预处理文本
2025-08-01 18:03:55,188 - EduRAG - INFO - 开始预处理文本
2025-08-01 18:03:55,188 - EduRAG - INFO - 开始预处理文本
2025-08-01 18:03:55,188 - EduRAG - INFO - 开始预处理文本
2025-08-01 18:03:55,188 - EduRAG - INFO - 开始预处理文本
2025-08-01 18:03:55,188 - EduRAG - INFO - 开始预处理文本
2025-08-01 18:03:55,188 - EduRAG - INFO - 开始预处理文本
2025-08-01 18:03:55,188 - EduRAG - INFO - 开始预处理文本
2025-08-01 18:03:55,189 - EduRAG - INFO - 开始预处理文本
2025-08-01 18:03:55,189 - EduRAG - INFO - 开始预处理文本
2025-08-01 18:03:55,189 - EduRAG - INFO - 开始预处理文本
2025-08-01 18:03:55,189 - EduRAG - INFO - 开始预处理文本
2025-08-01 18:03:55,189 - EduRAG - INFO - 开始预处理文本
2025-08-01 18:03:55,189 - EduRAG - INFO - 开始预处理文本
2025-08-01 18:03:55,189 - EduRAG - INFO - 开始预处理文本
2025-08-01 18:03:55,189 - EduRAG - INFO - 开始预处理文本
2025-08-01 18:03:55,189 - EduRAG - INFO - 开始预处理文本
2025-08-01 18:03:55,189 - EduRAG - INFO - 开始预处理文本
2025-08-01 18:03:55,189 - EduRAG - INFO - 开始预处理文本
2025-08-01 18:03:55,189 - EduRAG - INFO - 开始预处理文本
2025-08-01 18:03:55,189 - EduRAG - INFO - 开始预处理文本
2025-08-01 18:03:55,189 - EduRAG - INFO - 开始预处理文本
2025-08-01 18:03:55,189 - EduRAG - INFO - 开始预处理文本
2025-08-01 18:03:55,189 - EduRAG - INFO - 开始预处理文本
2025-08-01 18:03:55,189 - EduRAG - INFO - 开始预处理文本
2025-08-01 18:03:55,189 - EduRAG - INFO - 开始预处理文本
2025-08-01 18:03:55,190 - EduRAG - INFO - 开始预处理文本
2025-08-01 18:03:55,190 - EduRAG - INFO - 开始预处理文本
2025-08-01 18:03:55,190 - EduRAG - INFO - 开始预处理文本
2025-08-01 18:03:55,190 - EduRAG - INFO - 开始预处理文本
2025-08-01 18:03:55,190 - EduRAG - INFO - 开始预处理文本
2025-08-01 18:03:55,190 - EduRAG - INFO - 开始预处理文本
2025-08-01 18:03:55,190 - EduRAG - INFO - 开始预处理文本
2025-08-01 18:03:55,190 - EduRAG - INFO - 开始预处理文本
2025-08-01 18:03:55,190 - EduRAG - INFO - 开始预处理文本
2025-08-01 18:03:55,190 - EduRAG - INFO - 开始预处理文本
2025-08-01 18:03:55,190 - EduRAG - INFO - 开始预处理文本
2025-08-01 18:03:55,190 - EduRAG - INFO - 开始预处理文本
2025-08-01 18:03:55,190 - EduRAG - INFO - 开始预处理文本
2025-08-01 18:03:55,190 - EduRAG - INFO - 开始预处理文本
2025-08-01 18:03:55,191 - EduRAG - INFO - 开始预处理文本
2025-08-01 18:03:55,191 - EduRAG - INFO - 开始预处理文本
2025-08-01 18:03:55,191 - EduRAG - INFO - 开始预处理文本
2025-08-01 18:03:55,191 - EduRAG - INFO - 开始预处理文本
2025-08-01 18:03:55,191 - EduRAG - INFO - 开始预处理文本
2025-08-01 18:03:55,191 - EduRAG - INFO - 开始预处理文本
2025-08-01 18:03:55,191 - EduRAG - INFO - 开始预处理文本
2025-08-01 18:03:55,191 - EduRAG - INFO - 开始预处理文本
2025-08-01 18:03:55,191 - EduRAG - INFO - 开始预处理文本
2025-08-01 18:03:55,191 - EduRAG - INFO - 开始预处理文本
2025-08-01 18:03:55,191 - EduRAG - INFO - 开始预处理文本
2025-08-01 18:03:55,191 - EduRAG - INFO - 开始预处理文本
2025-08-01 18:03:55,191 - EduRAG - INFO - 开始预处理文本
2025-08-01 18:03:55,191 - EduRAG - INFO - 开始预处理文本
2025-08-01 18:03:55,191 - EduRAG - INFO - 开始预处理文本
2025-08-01 18:05:29,842 - EduRAG - INFO - Redis 连接成功
2025-08-01 18:05:29,855 - EduRAG - INFO - MySQL 连接成功
2025-08-01 18:05:29,865 - EduRAG - INFO - 成功获取问题
2025-08-01 18:05:29,865 - EduRAG - INFO - 开始预处理文本
2025-08-01 18:05:30,278 - EduRAG - INFO - 开始预处理文本
2025-08-01 18:05:30,278 - EduRAG - INFO - 开始预处理文本
2025-08-01 18:05:30,279 - EduRAG - INFO - 开始预处理文本
2025-08-01 18:05:30,279 - EduRAG - INFO - 开始预处理文本
2025-08-01 18:05:30,279 - EduRAG - INFO - 开始预处理文本
2025-08-01 18:05:30,279 - EduRAG - INFO - 开始预处理文本
2025-08-01 18:05:30,279 - EduRAG - INFO - 开始预处理文本
2025-08-01 18:05:30,279 - EduRAG - INFO - 开始预处理文本
2025-08-01 18:05:30,279 - EduRAG - INFO - 开始预处理文本
2025-08-01 18:05:30,279 - EduRAG - INFO - 开始预处理文本
2025-08-01 18:05:30,279 - EduRAG - INFO - 开始预处理文本
2025-08-01 18:05:30,279 - EduRAG - INFO - 开始预处理文本
2025-08-01 18:05:30,279 - EduRAG - INFO - 开始预处理文本
2025-08-01 18:05:30,280 - EduRAG - INFO - 开始预处理文本
2025-08-01 18:05:30,280 - EduRAG - INFO - 开始预处理文本
2025-08-01 18:05:30,280 - EduRAG - INFO - 开始预处理文本
2025-08-01 18:05:30,280 - EduRAG - INFO - 开始预处理文本
2025-08-01 18:05:30,280 - EduRAG - INFO - 开始预处理文本
2025-08-01 18:05:30,280 - EduRAG - INFO - 开始预处理文本
2025-08-01 18:05:30,280 - EduRAG - INFO - 开始预处理文本
2025-08-01 18:05:30,280 - EduRAG - INFO - 开始预处理文本
2025-08-01 18:05:30,280 - EduRAG - INFO - 开始预处理文本
2025-08-01 18:05:30,280 - EduRAG - INFO - 开始预处理文本
2025-08-01 18:05:30,280 - EduRAG - INFO - 开始预处理文本
2025-08-01 18:05:30,280 - EduRAG - INFO - 开始预处理文本
2025-08-01 18:05:30,280 - EduRAG - INFO - 开始预处理文本
2025-08-01 18:05:30,280 - EduRAG - INFO - 开始预处理文本
2025-08-01 18:05:30,280 - EduRAG - INFO - 开始预处理文本
2025-08-01 18:05:30,280 - EduRAG - INFO - 开始预处理文本
2025-08-01 18:05:30,280 - EduRAG - INFO - 开始预处理文本
2025-08-01 18:05:30,280 - EduRAG - INFO - 开始预处理文本
2025-08-01 18:05:30,281 - EduRAG - INFO - 开始预处理文本
2025-08-01 18:05:30,281 - EduRAG - INFO - 开始预处理文本
2025-08-01 18:05:30,281 - EduRAG - INFO - 开始预处理文本
2025-08-01 18:05:30,281 - EduRAG - INFO - 开始预处理文本
2025-08-01 18:05:30,281 - EduRAG - INFO - 开始预处理文本
2025-08-01 18:05:30,281 - EduRAG - INFO - 开始预处理文本
2025-08-01 18:05:30,281 - EduRAG - INFO - 开始预处理文本
2025-08-01 18:05:30,281 - EduRAG - INFO - 开始预处理文本
2025-08-01 18:05:30,281 - EduRAG - INFO - 开始预处理文本
2025-08-01 18:05:30,281 - EduRAG - INFO - 开始预处理文本
2025-08-01 18:05:30,281 - EduRAG - INFO - 开始预处理文本
2025-08-01 18:05:30,281 - EduRAG - INFO - 开始预处理文本
2025-08-01 18:05:30,281 - EduRAG - INFO - 开始预处理文本
2025-08-01 18:05:30,281 - EduRAG - INFO - 开始预处理文本
2025-08-01 18:05:30,282 - EduRAG - INFO - 开始预处理文本
2025-08-01 18:05:30,282 - EduRAG - INFO - 开始预处理文本
2025-08-01 18:05:30,282 - EduRAG - INFO - 开始预处理文本
2025-08-01 18:05:30,282 - EduRAG - INFO - 开始预处理文本
2025-08-01 18:05:30,282 - EduRAG - INFO - 开始预处理文本
2025-08-01 18:05:30,282 - EduRAG - INFO - 开始预处理文本
2025-08-01 18:05:30,282 - EduRAG - INFO - 开始预处理文本
2025-08-01 18:05:30,282 - EduRAG - INFO - 开始预处理文本
2025-08-01 18:05:30,282 - EduRAG - INFO - 开始预处理文本
2025-08-01 18:05:30,282 - EduRAG - INFO - 开始预处理文本
2025-08-01 18:05:30,282 - EduRAG - INFO - 开始预处理文本
2025-08-01 18:05:30,282 - EduRAG - INFO - 开始预处理文本
2025-08-01 18:05:30,282 - EduRAG - INFO - 开始预处理文本
2025-08-01 18:05:30,282 - EduRAG - INFO - 开始预处理文本
2025-08-01 18:05:30,283 - EduRAG - INFO - 开始预处理文本
2025-08-01 18:05:30,283 - EduRAG - INFO - 开始预处理文本
2025-08-01 18:05:30,283 - EduRAG - INFO - 开始预处理文本
2025-08-01 18:05:30,283 - EduRAG - INFO - 开始预处理文本
2025-08-01 18:05:30,283 - EduRAG - INFO - 开始预处理文本
2025-08-01 18:05:30,283 - EduRAG - INFO - 开始预处理文本
2025-08-01 18:05:30,283 - EduRAG - INFO - 开始预处理文本
2025-08-01 18:05:30,283 - EduRAG - INFO - 开始预处理文本
2025-08-01 18:05:30,283 - EduRAG - INFO - 开始预处理文本
2025-08-01 18:05:30,283 - EduRAG - INFO - 开始预处理文本
2025-08-01 18:05:30,283 - EduRAG - INFO - 开始预处理文本
2025-08-01 18:05:30,283 - EduRAG - INFO - 开始预处理文本
2025-08-01 18:05:30,283 - EduRAG - INFO - 开始预处理文本
2025-08-01 18:05:30,284 - EduRAG - INFO - 开始预处理文本
2025-08-01 18:05:30,284 - EduRAG - INFO - 开始预处理文本
2025-08-01 18:05:30,284 - EduRAG - INFO - 开始预处理文本
2025-08-01 18:05:30,284 - EduRAG - INFO - 开始预处理文本
2025-08-01 18:05:30,284 - EduRAG - INFO - 开始预处理文本
2025-08-01 18:05:30,284 - EduRAG - INFO - 开始预处理文本
2025-08-01 18:05:30,284 - EduRAG - INFO - 开始预处理文本
2025-08-01 18:05:30,284 - EduRAG - INFO - 开始预处理文本
2025-08-01 18:05:30,284 - EduRAG - INFO - 开始预处理文本
2025-08-01 18:05:30,284 - EduRAG - INFO - 开始预处理文本
2025-08-01 18:05:30,284 - EduRAG - INFO - 开始预处理文本
2025-08-01 18:05:30,284 - EduRAG - INFO - 开始预处理文本
2025-08-01 18:05:30,284 - EduRAG - INFO - 开始预处理文本
2025-08-01 18:05:30,284 - EduRAG - INFO - 开始预处理文本
2025-08-01 18:05:30,284 - EduRAG - INFO - 开始预处理文本
2025-08-01 18:05:30,285 - EduRAG - INFO - 开始预处理文本
2025-08-01 18:05:30,285 - EduRAG - INFO - 开始预处理文本
2025-08-01 18:05:30,285 - EduRAG - INFO - 开始预处理文本
2025-08-01 18:05:30,285 - EduRAG - INFO - 开始预处理文本
2025-08-01 18:05:30,285 - EduRAG - INFO - 开始预处理文本
2025-08-01 18:05:30,285 - EduRAG - INFO - 开始预处理文本
2025-08-01 18:05:30,285 - EduRAG - INFO - 开始预处理文本
2025-08-01 18:05:30,285 - EduRAG - INFO - 开始预处理文本
2025-08-01 18:05:30,285 - EduRAG - INFO - 开始预处理文本
2025-08-01 18:05:30,285 - EduRAG - INFO - 开始预处理文本
2025-08-01 18:05:30,285 - EduRAG - INFO - 开始预处理文本
2025-08-01 18:05:30,285 - EduRAG - INFO - 开始预处理文本
2025-08-01 18:05:30,286 - EduRAG - INFO - 开始预处理文本
2025-08-01 18:05:30,286 - EduRAG - INFO - 开始预处理文本
2025-08-01 18:05:30,286 - EduRAG - INFO - 开始预处理文本
2025-08-01 18:05:30,286 - EduRAG - INFO - 开始预处理文本
2025-08-01 18:05:30,286 - EduRAG - INFO - 开始预处理文本
2025-08-01 18:05:30,286 - EduRAG - INFO - 开始预处理文本
2025-08-01 18:05:30,286 - EduRAG - INFO - 开始预处理文本
2025-08-01 18:05:30,286 - EduRAG - INFO - 开始预处理文本
2025-08-01 18:05:30,286 - EduRAG - INFO - 开始预处理文本
2025-08-01 18:05:30,286 - EduRAG - INFO - 开始预处理文本
2025-08-01 18:05:30,286 - EduRAG - INFO - 开始预处理文本
2025-08-01 18:05:30,286 - EduRAG - INFO - 开始预处理文本
2025-08-01 18:05:30,286 - EduRAG - INFO - 开始预处理文本
2025-08-01 18:05:30,286 - EduRAG - INFO - 开始预处理文本
2025-08-01 18:05:30,286 - EduRAG - INFO - 开始预处理文本
2025-08-01 18:05:30,286 - EduRAG - INFO - 开始预处理文本
2025-08-01 18:05:30,286 - EduRAG - INFO - 开始预处理文本
2025-08-01 18:05:30,286 - EduRAG - INFO - 开始预处理文本
2025-08-01 18:05:30,286 - EduRAG - INFO - 开始预处理文本
2025-08-01 18:05:30,286 - EduRAG - INFO - 开始预处理文本
2025-08-01 18:05:30,286 - EduRAG - INFO - 开始预处理文本
2025-08-01 18:05:30,287 - EduRAG - INFO - 开始预处理文本
2025-08-01 18:05:30,287 - EduRAG - INFO - 开始预处理文本
2025-08-01 18:05:30,287 - EduRAG - INFO - 开始预处理文本
2025-08-01 18:05:30,287 - EduRAG - INFO - 开始预处理文本
2025-08-01 18:05:30,287 - EduRAG - INFO - 开始预处理文本
2025-08-01 18:05:30,287 - EduRAG - INFO - 开始预处理文本
2025-08-01 18:05:30,287 - EduRAG - INFO - 开始预处理文本
2025-08-01 18:05:30,287 - EduRAG - INFO - 开始预处理文本
2025-08-01 18:05:30,287 - EduRAG - INFO - 开始预处理文本
2025-08-01 18:05:30,287 - EduRAG - INFO - 开始预处理文本
2025-08-01 18:05:30,287 - EduRAG - INFO - 开始预处理文本
2025-08-01 18:05:30,287 - EduRAG - INFO - 开始预处理文本
2025-08-01 18:05:30,287 - EduRAG - INFO - 开始预处理文本
2025-08-01 18:05:30,287 - EduRAG - INFO - 开始预处理文本
2025-08-01 18:05:30,287 - EduRAG - INFO - 开始预处理文本
2025-08-01 18:05:30,287 - EduRAG - INFO - 开始预处理文本
2025-08-01 18:05:30,287 - EduRAG - INFO - 开始预处理文本
2025-08-01 18:05:30,287 - EduRAG - INFO - 开始预处理文本
2025-08-01 18:05:30,288 - EduRAG - INFO - 开始预处理文本
2025-08-01 18:05:30,288 - EduRAG - INFO - 开始预处理文本
2025-08-01 18:05:30,288 - EduRAG - INFO - 开始预处理文本
2025-08-01 18:05:30,288 - EduRAG - INFO - 开始预处理文本
2025-08-01 18:05:30,288 - EduRAG - INFO - 开始预处理文本
2025-08-01 18:05:30,288 - EduRAG - INFO - 开始预处理文本
2025-08-01 18:05:30,288 - EduRAG - INFO - 开始预处理文本
2025-08-01 18:05:30,288 - EduRAG - INFO - 开始预处理文本
2025-08-01 18:05:30,288 - EduRAG - INFO - 开始预处理文本
2025-08-01 18:05:30,288 - EduRAG - INFO - 开始预处理文本
2025-08-01 18:05:30,288 - EduRAG - INFO - 开始预处理文本
2025-08-01 18:05:30,288 - EduRAG - INFO - 开始预处理文本
2025-08-01 18:05:30,288 - EduRAG - INFO - 开始预处理文本
2025-08-01 18:05:30,288 - EduRAG - INFO - 开始预处理文本
2025-08-01 18:05:30,288 - EduRAG - INFO - 开始预处理文本
2025-08-01 18:05:30,288 - EduRAG - INFO - 开始预处理文本
2025-08-01 18:05:30,288 - EduRAG - INFO - 开始预处理文本
2025-08-01 18:05:30,288 - EduRAG - INFO - 开始预处理文本
2025-08-01 18:05:30,289 - EduRAG - INFO - 开始预处理文本
2025-08-01 18:05:30,289 - EduRAG - INFO - 开始预处理文本
2025-08-01 18:05:30,289 - EduRAG - INFO - 开始预处理文本
2025-08-01 18:05:30,289 - EduRAG - INFO - 开始预处理文本
2025-08-01 18:05:30,289 - EduRAG - INFO - 开始预处理文本
2025-08-01 18:05:30,289 - EduRAG - INFO - 开始预处理文本
2025-08-01 18:05:30,289 - EduRAG - INFO - 开始预处理文本
2025-08-01 18:05:30,289 - EduRAG - INFO - 开始预处理文本
2025-08-01 18:05:30,289 - EduRAG - INFO - 开始预处理文本
2025-08-01 18:05:30,289 - EduRAG - INFO - 开始预处理文本
2025-08-01 18:05:30,289 - EduRAG - INFO - 开始预处理文本
2025-08-01 18:05:30,289 - EduRAG - INFO - 开始预处理文本
2025-08-01 18:05:30,289 - EduRAG - INFO - 开始预处理文本
2025-08-01 18:05:30,289 - EduRAG - INFO - 开始预处理文本
2025-08-01 18:05:30,289 - EduRAG - INFO - 开始预处理文本
2025-08-01 18:05:30,289 - EduRAG - INFO - 开始预处理文本
2025-08-01 18:05:30,289 - EduRAG - INFO - 开始预处理文本
2025-08-01 18:05:30,289 - EduRAG - INFO - 开始预处理文本
2025-08-01 18:05:30,289 - EduRAG - INFO - 开始预处理文本
2025-08-01 18:05:30,289 - EduRAG - INFO - 开始预处理文本
2025-08-01 18:05:30,290 - EduRAG - INFO - 开始预处理文本
2025-08-01 18:05:30,290 - EduRAG - INFO - 开始预处理文本
2025-08-01 18:05:30,290 - EduRAG - INFO - 开始预处理文本
2025-08-01 18:05:30,290 - EduRAG - INFO - 开始预处理文本
2025-08-01 18:05:30,290 - EduRAG - INFO - 开始预处理文本
2025-08-01 18:05:30,290 - EduRAG - INFO - 开始预处理文本
2025-08-01 18:05:30,290 - EduRAG - INFO - 开始预处理文本
2025-08-01 18:05:30,290 - EduRAG - INFO - 开始预处理文本
2025-08-01 18:05:30,290 - EduRAG - INFO - 开始预处理文本
2025-08-01 18:05:30,290 - EduRAG - INFO - 开始预处理文本
2025-08-01 18:05:30,290 - EduRAG - INFO - 开始预处理文本
2025-08-01 18:05:30,290 - EduRAG - INFO - 开始预处理文本
2025-08-01 18:05:30,290 - EduRAG - INFO - 开始预处理文本
2025-08-01 18:05:30,291 - EduRAG - INFO - 开始预处理文本
2025-08-01 18:05:30,291 - EduRAG - INFO - 开始预处理文本
2025-08-01 18:05:30,291 - EduRAG - INFO - 开始预处理文本
2025-08-01 18:05:30,291 - EduRAG - INFO - 开始预处理文本
2025-08-01 18:05:30,291 - EduRAG - INFO - 开始预处理文本
2025-08-01 18:05:30,291 - EduRAG - INFO - 开始预处理文本
2025-08-01 18:05:30,291 - EduRAG - INFO - 开始预处理文本
2025-08-01 18:05:30,291 - EduRAG - INFO - 开始预处理文本
2025-08-01 18:05:30,291 - EduRAG - INFO - 开始预处理文本
2025-08-01 18:05:30,291 - EduRAG - INFO - 开始预处理文本
2025-08-01 18:05:30,291 - EduRAG - INFO - 开始预处理文本
2025-08-01 18:05:30,291 - EduRAG - INFO - 开始预处理文本
2025-08-01 18:05:30,291 - EduRAG - INFO - 开始预处理文本
2025-08-01 18:05:30,291 - EduRAG - INFO - 开始预处理文本
2025-08-01 18:05:30,291 - EduRAG - INFO - 开始预处理文本
2025-08-01 18:05:30,291 - EduRAG - INFO - 开始预处理文本
2025-08-01 18:05:30,292 - EduRAG - INFO - 开始预处理文本
2025-08-01 18:05:30,292 - EduRAG - INFO - 开始预处理文本
2025-08-01 18:05:30,292 - EduRAG - INFO - 开始预处理文本
2025-08-01 18:05:30,292 - EduRAG - INFO - 开始预处理文本
2025-08-01 18:05:30,292 - EduRAG - INFO - 开始预处理文本
2025-08-01 18:05:30,292 - EduRAG - INFO - 开始预处理文本
2025-08-01 18:05:30,292 - EduRAG - INFO - 开始预处理文本
2025-08-01 18:05:30,292 - EduRAG - INFO - 开始预处理文本
2025-08-01 18:05:30,292 - EduRAG - INFO - 开始预处理文本
2025-08-01 18:05:30,292 - EduRAG - INFO - 开始预处理文本
2025-08-01 18:05:30,292 - EduRAG - INFO - 开始预处理文本
2025-08-01 18:05:30,292 - EduRAG - INFO - 开始预处理文本
2025-08-01 18:05:30,292 - EduRAG - INFO - 开始预处理文本
2025-08-01 18:05:30,292 - EduRAG - INFO - 开始预处理文本
2025-08-01 18:05:30,293 - EduRAG - INFO - 开始预处理文本
2025-08-01 18:05:30,293 - EduRAG - INFO - 开始预处理文本
2025-08-01 18:05:30,293 - EduRAG - INFO - 开始预处理文本
2025-08-01 18:05:30,293 - EduRAG - INFO - 开始预处理文本
2025-08-01 18:05:30,293 - EduRAG - INFO - 开始预处理文本
2025-08-01 18:05:30,293 - EduRAG - INFO - 开始预处理文本
2025-08-01 18:05:30,293 - EduRAG - INFO - 开始预处理文本
2025-08-01 18:05:30,293 - EduRAG - INFO - 开始预处理文本
2025-08-01 18:05:30,293 - EduRAG - INFO - 开始预处理文本
2025-08-01 18:05:30,293 - EduRAG - INFO - 开始预处理文本
2025-08-01 18:05:30,293 - EduRAG - INFO - 开始预处理文本
2025-08-01 18:05:30,293 - EduRAG - INFO - 开始预处理文本
2025-08-01 18:05:30,293 - EduRAG - INFO - 开始预处理文本
2025-08-01 18:05:30,294 - EduRAG - INFO - 开始预处理文本
2025-08-01 18:05:30,294 - EduRAG - INFO - 开始预处理文本
2025-08-01 18:05:30,294 - EduRAG - INFO - 开始预处理文本
2025-08-01 18:05:30,294 - EduRAG - INFO - 开始预处理文本
2025-08-01 18:05:30,294 - EduRAG - INFO - 开始预处理文本
2025-08-01 18:05:30,294 - EduRAG - INFO - 开始预处理文本
2025-08-01 18:05:30,294 - EduRAG - INFO - 开始预处理文本
2025-08-01 18:05:30,294 - EduRAG - INFO - 开始预处理文本
2025-08-01 18:05:30,294 - EduRAG - INFO - 开始预处理文本
2025-08-01 18:05:30,294 - EduRAG - INFO - 开始预处理文本
2025-08-01 18:05:30,294 - EduRAG - INFO - 开始预处理文本
2025-08-01 18:05:30,294 - EduRAG - INFO - 开始预处理文本
2025-08-01 18:05:30,294 - EduRAG - INFO - 开始预处理文本
2025-08-01 18:05:30,294 - EduRAG - INFO - 开始预处理文本
2025-08-01 18:05:30,295 - EduRAG - INFO - 开始预处理文本
2025-08-01 18:05:30,295 - EduRAG - INFO - 开始预处理文本
2025-08-01 18:05:30,295 - EduRAG - INFO - 开始预处理文本
2025-08-01 18:05:30,295 - EduRAG - INFO - 开始预处理文本
2025-08-01 18:05:30,295 - EduRAG - INFO - 开始预处理文本
2025-08-01 18:05:30,295 - EduRAG - INFO - 开始预处理文本
2025-08-01 18:05:30,295 - EduRAG - INFO - 开始预处理文本
2025-08-01 18:05:30,295 - EduRAG - INFO - 开始预处理文本
2025-08-01 18:05:30,295 - EduRAG - INFO - 开始预处理文本
2025-08-01 18:05:30,295 - EduRAG - INFO - 开始预处理文本
2025-08-01 18:05:30,295 - EduRAG - INFO - 开始预处理文本
2025-08-01 18:05:30,295 - EduRAG - INFO - 开始预处理文本
2025-08-01 18:05:30,295 - EduRAG - INFO - 开始预处理文本
2025-08-01 18:05:30,295 - EduRAG - INFO - 开始预处理文本
2025-08-01 18:05:30,295 - EduRAG - INFO - 开始预处理文本
2025-08-01 18:05:30,295 - EduRAG - INFO - 开始预处理文本
2025-08-01 18:05:30,296 - EduRAG - INFO - 开始预处理文本
2025-08-01 18:05:30,296 - EduRAG - INFO - 开始预处理文本
2025-08-01 18:05:30,296 - EduRAG - INFO - 开始预处理文本
2025-08-01 18:05:30,296 - EduRAG - INFO - 开始预处理文本
2025-08-01 18:05:30,296 - EduRAG - INFO - 开始预处理文本
2025-08-01 18:05:30,296 - EduRAG - INFO - 开始预处理文本
2025-08-01 18:05:30,296 - EduRAG - INFO - 开始预处理文本
2025-08-01 18:05:30,296 - EduRAG - INFO - 开始预处理文本
2025-08-01 18:05:30,296 - EduRAG - INFO - 开始预处理文本
2025-08-01 18:05:30,296 - EduRAG - INFO - 开始预处理文本
2025-08-01 18:05:30,296 - EduRAG - INFO - 开始预处理文本
2025-08-01 18:05:30,296 - EduRAG - INFO - 开始预处理文本
2025-08-01 18:05:30,296 - EduRAG - INFO - 开始预处理文本
2025-08-01 18:05:30,296 - EduRAG - INFO - 开始预处理文本
2025-08-01 18:05:30,296 - EduRAG - INFO - 开始预处理文本
2025-08-01 18:05:30,296 - EduRAG - INFO - 开始预处理文本
2025-08-01 18:05:30,296 - EduRAG - INFO - 开始预处理文本
2025-08-01 18:05:30,296 - EduRAG - INFO - 开始预处理文本
2025-08-01 18:05:30,296 - EduRAG - INFO - 开始预处理文本
2025-08-01 18:05:30,297 - EduRAG - INFO - 开始预处理文本
2025-08-01 18:05:30,297 - EduRAG - INFO - 开始预处理文本
2025-08-01 18:05:30,297 - EduRAG - INFO - 开始预处理文本
2025-08-01 18:05:30,297 - EduRAG - INFO - 开始预处理文本
2025-08-01 18:05:30,297 - EduRAG - INFO - 开始预处理文本
2025-08-01 18:05:30,297 - EduRAG - INFO - 开始预处理文本
2025-08-01 18:05:30,297 - EduRAG - INFO - 开始预处理文本
2025-08-01 18:05:30,297 - EduRAG - INFO - 开始预处理文本
2025-08-01 18:05:30,297 - EduRAG - INFO - 开始预处理文本
2025-08-01 18:05:30,297 - EduRAG - INFO - 开始预处理文本
2025-08-01 18:05:30,297 - EduRAG - INFO - 开始预处理文本
2025-08-01 18:05:30,297 - EduRAG - INFO - 开始预处理文本
2025-08-01 18:05:30,297 - EduRAG - INFO - 开始预处理文本
2025-08-01 18:05:30,298 - EduRAG - INFO - 开始预处理文本
2025-08-01 18:05:30,298 - EduRAG - INFO - 开始预处理文本
2025-08-01 18:05:30,298 - EduRAG - INFO - 开始预处理文本
2025-08-01 18:05:30,298 - EduRAG - INFO - 开始预处理文本
2025-08-01 18:05:30,298 - EduRAG - INFO - 开始预处理文本
2025-08-01 18:05:30,298 - EduRAG - INFO - 开始预处理文本
2025-08-01 18:05:30,298 - EduRAG - INFO - 开始预处理文本
2025-08-01 18:05:30,298 - EduRAG - INFO - 开始预处理文本
2025-08-01 18:05:30,298 - EduRAG - INFO - 开始预处理文本
2025-08-01 18:05:30,298 - EduRAG - INFO - 开始预处理文本
2025-08-01 18:05:30,298 - EduRAG - INFO - 开始预处理文本
2025-08-01 18:05:30,298 - EduRAG - INFO - 开始预处理文本
2025-08-01 18:05:30,298 - EduRAG - INFO - 开始预处理文本
2025-08-01 18:05:30,298 - EduRAG - INFO - 开始预处理文本
2025-08-01 18:05:30,298 - EduRAG - INFO - 开始预处理文本
2025-08-01 18:05:30,298 - EduRAG - INFO - 开始预处理文本
2025-08-01 18:05:30,299 - EduRAG - INFO - 开始预处理文本
2025-08-01 18:05:30,299 - EduRAG - INFO - 开始预处理文本
2025-08-01 18:05:30,299 - EduRAG - INFO - 开始预处理文本
2025-08-01 18:05:30,299 - EduRAG - INFO - 开始预处理文本
2025-08-01 18:05:30,299 - EduRAG - INFO - 开始预处理文本
2025-08-01 18:05:30,299 - EduRAG - INFO - 开始预处理文本
2025-08-01 18:05:30,299 - EduRAG - INFO - 开始预处理文本
2025-08-01 18:05:30,299 - EduRAG - INFO - 开始预处理文本
2025-08-01 18:05:30,299 - EduRAG - INFO - 开始预处理文本
2025-08-01 18:05:30,299 - EduRAG - INFO - 开始预处理文本
2025-08-01 18:05:30,299 - EduRAG - INFO - 开始预处理文本
2025-08-01 18:05:30,299 - EduRAG - INFO - 开始预处理文本
2025-08-01 18:05:30,300 - EduRAG - INFO - 开始预处理文本
2025-08-01 18:05:30,300 - EduRAG - INFO - 开始预处理文本
2025-08-01 18:05:30,300 - EduRAG - INFO - 开始预处理文本
2025-08-01 18:05:30,300 - EduRAG - INFO - 开始预处理文本
2025-08-01 18:05:30,300 - EduRAG - INFO - 开始预处理文本
2025-08-01 18:05:30,300 - EduRAG - INFO - 开始预处理文本
2025-08-01 18:05:30,300 - EduRAG - INFO - 开始预处理文本
2025-08-01 18:05:30,300 - EduRAG - INFO - 开始预处理文本
2025-08-01 18:05:30,300 - EduRAG - INFO - 开始预处理文本
2025-08-01 18:05:30,300 - EduRAG - INFO - 开始预处理文本
2025-08-01 18:05:30,300 - EduRAG - INFO - 开始预处理文本
2025-08-01 18:05:30,301 - EduRAG - INFO - 开始预处理文本
2025-08-01 18:05:30,301 - EduRAG - INFO - 开始预处理文本
2025-08-01 18:05:30,301 - EduRAG - INFO - 开始预处理文本
2025-08-01 18:05:30,301 - EduRAG - INFO - 开始预处理文本
2025-08-01 18:05:30,301 - EduRAG - INFO - 开始预处理文本
2025-08-01 18:05:30,302 - EduRAG - INFO - 开始预处理文本
2025-08-01 18:05:30,302 - EduRAG - INFO - 开始预处理文本
2025-08-01 18:05:30,302 - EduRAG - INFO - 开始预处理文本
2025-08-01 18:05:30,302 - EduRAG - INFO - 开始预处理文本
2025-08-01 18:05:30,302 - EduRAG - INFO - 开始预处理文本
2025-08-01 18:05:30,302 - EduRAG - INFO - 开始预处理文本
2025-08-01 18:05:30,302 - EduRAG - INFO - 开始预处理文本
2025-08-01 18:05:30,302 - EduRAG - INFO - 开始预处理文本
2025-08-01 18:05:30,302 - EduRAG - INFO - 开始预处理文本
2025-08-01 18:05:30,302 - EduRAG - INFO - 开始预处理文本
2025-08-01 18:05:30,303 - EduRAG - INFO - 开始预处理文本
2025-08-01 18:05:30,303 - EduRAG - INFO - 开始预处理文本
2025-08-01 18:05:30,303 - EduRAG - INFO - 开始预处理文本
2025-08-01 18:05:30,303 - EduRAG - INFO - 开始预处理文本
2025-08-01 18:05:30,303 - EduRAG - INFO - 开始预处理文本
2025-08-01 18:05:30,303 - EduRAG - INFO - 开始预处理文本
2025-08-01 18:05:30,303 - EduRAG - INFO - 开始预处理文本
2025-08-01 18:05:30,303 - EduRAG - INFO - 开始预处理文本
2025-08-01 18:05:30,303 - EduRAG - INFO - 开始预处理文本
2025-08-01 18:05:30,303 - EduRAG - INFO - 开始预处理文本
2025-08-01 18:05:30,303 - EduRAG - INFO - 开始预处理文本
2025-08-01 18:05:30,303 - EduRAG - INFO - 开始预处理文本
2025-08-01 18:05:30,303 - EduRAG - INFO - 开始预处理文本
2025-08-01 18:05:30,303 - EduRAG - INFO - 开始预处理文本
2025-08-01 18:05:30,303 - EduRAG - INFO - 开始预处理文本
2025-08-01 18:05:30,303 - EduRAG - INFO - 开始预处理文本
2025-08-01 18:05:30,303 - EduRAG - INFO - 开始预处理文本
2025-08-01 18:05:30,303 - EduRAG - INFO - 开始预处理文本
2025-08-01 18:05:30,303 - EduRAG - INFO - 开始预处理文本
2025-08-01 18:05:30,304 - EduRAG - INFO - 开始预处理文本
2025-08-01 18:05:30,304 - EduRAG - INFO - 开始预处理文本
2025-08-01 18:05:30,304 - EduRAG - INFO - 开始预处理文本
2025-08-01 18:05:30,304 - EduRAG - INFO - 开始预处理文本
2025-08-01 18:05:30,304 - EduRAG - INFO - 开始预处理文本
2025-08-01 18:05:30,304 - EduRAG - INFO - 开始预处理文本
2025-08-01 18:05:30,304 - EduRAG - INFO - 开始预处理文本
2025-08-01 18:05:30,304 - EduRAG - INFO - 开始预处理文本
2025-08-01 18:05:30,304 - EduRAG - INFO - 开始预处理文本
2025-08-01 18:05:30,304 - EduRAG - INFO - 开始预处理文本
2025-08-01 18:05:30,304 - EduRAG - INFO - 开始预处理文本
2025-08-01 18:05:30,304 - EduRAG - INFO - 开始预处理文本
2025-08-01 18:05:30,304 - EduRAG - INFO - 开始预处理文本
2025-08-01 18:05:30,304 - EduRAG - INFO - 开始预处理文本
2025-08-01 18:05:30,304 - EduRAG - INFO - 开始预处理文本
2025-08-01 18:05:30,304 - EduRAG - INFO - 开始预处理文本
2025-08-01 18:05:30,304 - EduRAG - INFO - 开始预处理文本
2025-08-01 18:05:30,304 - EduRAG - INFO - 开始预处理文本
2025-08-01 18:05:30,304 - EduRAG - INFO - 开始预处理文本
2025-08-01 18:05:30,304 - EduRAG - INFO - 开始预处理文本
2025-08-01 18:05:30,304 - EduRAG - INFO - 开始预处理文本
2025-08-01 18:05:30,304 - EduRAG - INFO - 开始预处理文本
2025-08-01 18:05:30,304 - EduRAG - INFO - 开始预处理文本
2025-08-01 18:05:30,305 - EduRAG - INFO - 开始预处理文本
2025-08-01 18:05:30,305 - EduRAG - INFO - 开始预处理文本
2025-08-01 18:05:30,305 - EduRAG - INFO - 开始预处理文本
2025-08-01 18:05:30,305 - EduRAG - INFO - 开始预处理文本
2025-08-01 18:05:30,305 - EduRAG - INFO - 开始预处理文本
2025-08-01 18:05:30,305 - EduRAG - INFO - 开始预处理文本
2025-08-01 18:05:30,305 - EduRAG - INFO - 开始预处理文本
2025-08-01 18:05:30,305 - EduRAG - INFO - 开始预处理文本
2025-08-01 18:05:30,305 - EduRAG - INFO - 开始预处理文本
2025-08-01 18:05:30,305 - EduRAG - INFO - 开始预处理文本
2025-08-01 18:05:30,305 - EduRAG - INFO - 开始预处理文本
2025-08-01 18:05:30,305 - EduRAG - INFO - 开始预处理文本
2025-08-01 18:05:30,305 - EduRAG - INFO - 开始预处理文本
2025-08-01 18:05:30,305 - EduRAG - INFO - 开始预处理文本
2025-08-01 18:05:30,305 - EduRAG - INFO - 开始预处理文本
2025-08-01 18:05:30,305 - EduRAG - INFO - 开始预处理文本
2025-08-01 18:05:30,305 - EduRAG - INFO - 开始预处理文本
2025-08-01 18:05:30,305 - EduRAG - INFO - 开始预处理文本
2025-08-01 18:05:30,305 - EduRAG - INFO - 开始预处理文本
2025-08-01 18:05:30,305 - EduRAG - INFO - 开始预处理文本
2025-08-01 18:05:30,305 - EduRAG - INFO - 开始预处理文本
2025-08-01 18:05:30,306 - EduRAG - INFO - 开始预处理文本
2025-08-01 18:05:30,306 - EduRAG - INFO - 开始预处理文本
2025-08-01 18:05:30,306 - EduRAG - INFO - 开始预处理文本
2025-08-01 18:05:30,306 - EduRAG - INFO - 开始预处理文本
2025-08-01 18:05:30,306 - EduRAG - INFO - 开始预处理文本
2025-08-01 18:05:30,306 - EduRAG - INFO - 开始预处理文本
2025-08-01 18:05:30,306 - EduRAG - INFO - 开始预处理文本
2025-08-01 18:05:30,306 - EduRAG - INFO - 开始预处理文本
2025-08-01 18:05:30,306 - EduRAG - INFO - 开始预处理文本
2025-08-01 18:05:30,306 - EduRAG - INFO - 开始预处理文本
2025-08-01 18:05:30,306 - EduRAG - INFO - 开始预处理文本
2025-08-01 18:05:30,306 - EduRAG - INFO - 开始预处理文本
2025-08-01 18:05:30,306 - EduRAG - INFO - 开始预处理文本
2025-08-01 18:05:30,306 - EduRAG - INFO - 开始预处理文本
2025-08-01 18:05:30,306 - EduRAG - INFO - 开始预处理文本
2025-08-01 18:05:30,306 - EduRAG - INFO - 开始预处理文本
2025-08-01 18:05:30,306 - EduRAG - INFO - 开始预处理文本
2025-08-01 18:05:30,306 - EduRAG - INFO - 开始预处理文本
2025-08-01 18:05:30,307 - EduRAG - INFO - 开始预处理文本
2025-08-01 18:05:30,307 - EduRAG - INFO - 开始预处理文本
2025-08-01 18:05:30,307 - EduRAG - INFO - 开始预处理文本
2025-08-01 18:05:30,307 - EduRAG - INFO - 开始预处理文本
2025-08-01 18:05:30,307 - EduRAG - INFO - 开始预处理文本
2025-08-01 18:05:30,307 - EduRAG - INFO - 开始预处理文本
2025-08-01 18:05:30,307 - EduRAG - INFO - 开始预处理文本
2025-08-01 18:05:30,307 - EduRAG - INFO - 开始预处理文本
2025-08-01 18:05:30,307 - EduRAG - INFO - 开始预处理文本
2025-08-01 18:05:30,307 - EduRAG - INFO - 开始预处理文本
2025-08-01 18:05:30,307 - EduRAG - INFO - 开始预处理文本
2025-08-01 18:05:30,307 - EduRAG - INFO - 开始预处理文本
2025-08-01 18:05:30,307 - EduRAG - INFO - 开始预处理文本
2025-08-01 18:05:30,308 - EduRAG - INFO - 开始预处理文本
2025-08-01 18:05:30,308 - EduRAG - INFO - 开始预处理文本
2025-08-01 18:05:30,308 - EduRAG - INFO - 开始预处理文本
2025-08-01 18:05:30,308 - EduRAG - INFO - 开始预处理文本
2025-08-01 18:05:30,308 - EduRAG - INFO - 开始预处理文本
2025-08-01 18:05:30,308 - EduRAG - INFO - 开始预处理文本
2025-08-01 18:05:30,308 - EduRAG - INFO - 开始预处理文本
2025-08-01 18:05:30,308 - EduRAG - INFO - 开始预处理文本
2025-08-01 18:05:30,308 - EduRAG - INFO - 开始预处理文本
2025-08-01 18:05:30,308 - EduRAG - INFO - 开始预处理文本
2025-08-01 18:05:30,308 - EduRAG - INFO - 开始预处理文本
2025-08-01 18:05:30,308 - EduRAG - INFO - 开始预处理文本
2025-08-01 18:05:30,308 - EduRAG - INFO - 开始预处理文本
2025-08-01 18:05:30,308 - EduRAG - INFO - 开始预处理文本
2025-08-01 18:05:30,308 - EduRAG - INFO - 开始预处理文本
2025-08-01 18:05:30,308 - EduRAG - INFO - 开始预处理文本
2025-08-01 18:05:30,308 - EduRAG - INFO - 开始预处理文本
2025-08-01 18:05:30,308 - EduRAG - INFO - 开始预处理文本
2025-08-01 18:05:30,308 - EduRAG - INFO - 开始预处理文本
2025-08-01 18:05:30,309 - EduRAG - INFO - 开始预处理文本
2025-08-01 18:05:30,309 - EduRAG - INFO - 开始预处理文本
2025-08-01 18:05:30,309 - EduRAG - INFO - 开始预处理文本
2025-08-01 18:05:30,309 - EduRAG - INFO - 开始预处理文本
2025-08-01 18:05:30,309 - EduRAG - INFO - 开始预处理文本
2025-08-01 18:05:48,542 - EduRAG - INFO - Redis 连接成功
2025-08-01 18:05:48,554 - EduRAG - INFO - MySQL 连接成功
2025-08-01 18:05:48,562 - EduRAG - INFO - 成功获取问题
2025-08-01 18:05:48,562 - EduRAG - INFO - 开始预处理文本
2025-08-01 18:05:48,960 - EduRAG - INFO - 开始预处理文本
2025-08-01 18:05:48,960 - EduRAG - INFO - 开始预处理文本
2025-08-01 18:05:48,960 - EduRAG - INFO - 开始预处理文本
2025-08-01 18:05:48,960 - EduRAG - INFO - 开始预处理文本
2025-08-01 18:05:48,961 - EduRAG - INFO - 开始预处理文本
2025-08-01 18:05:48,961 - EduRAG - INFO - 开始预处理文本
2025-08-01 18:05:48,961 - EduRAG - INFO - 开始预处理文本
2025-08-01 18:05:48,961 - EduRAG - INFO - 开始预处理文本
2025-08-01 18:05:48,961 - EduRAG - INFO - 开始预处理文本
2025-08-01 18:05:48,961 - EduRAG - INFO - 开始预处理文本
2025-08-01 18:05:48,961 - EduRAG - INFO - 开始预处理文本
2025-08-01 18:05:48,961 - EduRAG - INFO - 开始预处理文本
2025-08-01 18:05:48,961 - EduRAG - INFO - 开始预处理文本
2025-08-01 18:05:48,961 - EduRAG - INFO - 开始预处理文本
2025-08-01 18:05:48,961 - EduRAG - INFO - 开始预处理文本
2025-08-01 18:05:48,961 - EduRAG - INFO - 开始预处理文本
2025-08-01 18:05:48,961 - EduRAG - INFO - 开始预处理文本
2025-08-01 18:05:48,961 - EduRAG - INFO - 开始预处理文本
2025-08-01 18:05:48,961 - EduRAG - INFO - 开始预处理文本
2025-08-01 18:05:48,962 - EduRAG - INFO - 开始预处理文本
2025-08-01 18:05:48,962 - EduRAG - INFO - 开始预处理文本
2025-08-01 18:05:48,962 - EduRAG - INFO - 开始预处理文本
2025-08-01 18:05:48,962 - EduRAG - INFO - 开始预处理文本
2025-08-01 18:05:48,962 - EduRAG - INFO - 开始预处理文本
2025-08-01 18:05:48,962 - EduRAG - INFO - 开始预处理文本
2025-08-01 18:05:48,962 - EduRAG - INFO - 开始预处理文本
2025-08-01 18:05:48,962 - EduRAG - INFO - 开始预处理文本
2025-08-01 18:05:48,962 - EduRAG - INFO - 开始预处理文本
2025-08-01 18:05:48,962 - EduRAG - INFO - 开始预处理文本
2025-08-01 18:05:48,962 - EduRAG - INFO - 开始预处理文本
2025-08-01 18:05:48,962 - EduRAG - INFO - 开始预处理文本
2025-08-01 18:05:48,962 - EduRAG - INFO - 开始预处理文本
2025-08-01 18:05:48,962 - EduRAG - INFO - 开始预处理文本
2025-08-01 18:05:48,962 - EduRAG - INFO - 开始预处理文本
2025-08-01 18:05:48,962 - EduRAG - INFO - 开始预处理文本
2025-08-01 18:05:48,963 - EduRAG - INFO - 开始预处理文本
2025-08-01 18:05:48,963 - EduRAG - INFO - 开始预处理文本
2025-08-01 18:05:48,963 - EduRAG - INFO - 开始预处理文本
2025-08-01 18:05:48,963 - EduRAG - INFO - 开始预处理文本
2025-08-01 18:05:48,963 - EduRAG - INFO - 开始预处理文本
2025-08-01 18:05:48,963 - EduRAG - INFO - 开始预处理文本
2025-08-01 18:05:48,963 - EduRAG - INFO - 开始预处理文本
2025-08-01 18:05:48,963 - EduRAG - INFO - 开始预处理文本
2025-08-01 18:05:48,963 - EduRAG - INFO - 开始预处理文本
2025-08-01 18:05:48,963 - EduRAG - INFO - 开始预处理文本
2025-08-01 18:05:48,963 - EduRAG - INFO - 开始预处理文本
2025-08-01 18:05:48,963 - EduRAG - INFO - 开始预处理文本
2025-08-01 18:05:48,963 - EduRAG - INFO - 开始预处理文本
2025-08-01 18:05:48,963 - EduRAG - INFO - 开始预处理文本
2025-08-01 18:05:48,963 - EduRAG - INFO - 开始预处理文本
2025-08-01 18:05:48,963 - EduRAG - INFO - 开始预处理文本
2025-08-01 18:05:48,963 - EduRAG - INFO - 开始预处理文本
2025-08-01 18:05:48,964 - EduRAG - INFO - 开始预处理文本
2025-08-01 18:05:48,964 - EduRAG - INFO - 开始预处理文本
2025-08-01 18:05:48,964 - EduRAG - INFO - 开始预处理文本
2025-08-01 18:05:48,964 - EduRAG - INFO - 开始预处理文本
2025-08-01 18:05:48,964 - EduRAG - INFO - 开始预处理文本
2025-08-01 18:05:48,964 - EduRAG - INFO - 开始预处理文本
2025-08-01 18:05:48,964 - EduRAG - INFO - 开始预处理文本
2025-08-01 18:05:48,964 - EduRAG - INFO - 开始预处理文本
2025-08-01 18:05:48,964 - EduRAG - INFO - 开始预处理文本
2025-08-01 18:05:48,964 - EduRAG - INFO - 开始预处理文本
2025-08-01 18:05:48,964 - EduRAG - INFO - 开始预处理文本
2025-08-01 18:05:48,964 - EduRAG - INFO - 开始预处理文本
2025-08-01 18:05:48,964 - EduRAG - INFO - 开始预处理文本
2025-08-01 18:05:48,964 - EduRAG - INFO - 开始预处理文本
2025-08-01 18:05:48,964 - EduRAG - INFO - 开始预处理文本
2025-08-01 18:05:48,964 - EduRAG - INFO - 开始预处理文本
2025-08-01 18:05:48,964 - EduRAG - INFO - 开始预处理文本
2025-08-01 18:05:48,964 - EduRAG - INFO - 开始预处理文本
2025-08-01 18:05:48,964 - EduRAG - INFO - 开始预处理文本
2025-08-01 18:05:48,964 - EduRAG - INFO - 开始预处理文本
2025-08-01 18:05:48,965 - EduRAG - INFO - 开始预处理文本
2025-08-01 18:05:48,965 - EduRAG - INFO - 开始预处理文本
2025-08-01 18:05:48,965 - EduRAG - INFO - 开始预处理文本
2025-08-01 18:05:48,965 - EduRAG - INFO - 开始预处理文本
2025-08-01 18:05:48,965 - EduRAG - INFO - 开始预处理文本
2025-08-01 18:05:48,965 - EduRAG - INFO - 开始预处理文本
2025-08-01 18:05:48,965 - EduRAG - INFO - 开始预处理文本
2025-08-01 18:05:48,965 - EduRAG - INFO - 开始预处理文本
2025-08-01 18:05:48,965 - EduRAG - INFO - 开始预处理文本
2025-08-01 18:05:48,965 - EduRAG - INFO - 开始预处理文本
2025-08-01 18:05:48,965 - EduRAG - INFO - 开始预处理文本
2025-08-01 18:05:48,965 - EduRAG - INFO - 开始预处理文本
2025-08-01 18:05:48,965 - EduRAG - INFO - 开始预处理文本
2025-08-01 18:05:48,965 - EduRAG - INFO - 开始预处理文本
2025-08-01 18:05:48,965 - EduRAG - INFO - 开始预处理文本
2025-08-01 18:05:48,965 - EduRAG - INFO - 开始预处理文本
2025-08-01 18:05:48,965 - EduRAG - INFO - 开始预处理文本
2025-08-01 18:05:48,965 - EduRAG - INFO - 开始预处理文本
2025-08-01 18:05:48,966 - EduRAG - INFO - 开始预处理文本
2025-08-01 18:05:48,966 - EduRAG - INFO - 开始预处理文本
2025-08-01 18:05:48,966 - EduRAG - INFO - 开始预处理文本
2025-08-01 18:05:48,966 - EduRAG - INFO - 开始预处理文本
2025-08-01 18:05:48,966 - EduRAG - INFO - 开始预处理文本
2025-08-01 18:05:48,966 - EduRAG - INFO - 开始预处理文本
2025-08-01 18:05:48,966 - EduRAG - INFO - 开始预处理文本
2025-08-01 18:05:48,966 - EduRAG - INFO - 开始预处理文本
2025-08-01 18:05:48,966 - EduRAG - INFO - 开始预处理文本
2025-08-01 18:05:48,966 - EduRAG - INFO - 开始预处理文本
2025-08-01 18:05:48,966 - EduRAG - INFO - 开始预处理文本
2025-08-01 18:05:48,966 - EduRAG - INFO - 开始预处理文本
2025-08-01 18:05:48,966 - EduRAG - INFO - 开始预处理文本
2025-08-01 18:05:48,966 - EduRAG - INFO - 开始预处理文本
2025-08-01 18:05:48,966 - EduRAG - INFO - 开始预处理文本
2025-08-01 18:05:48,966 - EduRAG - INFO - 开始预处理文本
2025-08-01 18:05:48,966 - EduRAG - INFO - 开始预处理文本
2025-08-01 18:05:48,967 - EduRAG - INFO - 开始预处理文本
2025-08-01 18:05:48,967 - EduRAG - INFO - 开始预处理文本
2025-08-01 18:05:48,967 - EduRAG - INFO - 开始预处理文本
2025-08-01 18:05:48,967 - EduRAG - INFO - 开始预处理文本
2025-08-01 18:05:48,967 - EduRAG - INFO - 开始预处理文本
2025-08-01 18:05:48,967 - EduRAG - INFO - 开始预处理文本
2025-08-01 18:05:48,967 - EduRAG - INFO - 开始预处理文本
2025-08-01 18:05:48,967 - EduRAG - INFO - 开始预处理文本
2025-08-01 18:05:48,967 - EduRAG - INFO - 开始预处理文本
2025-08-01 18:05:48,967 - EduRAG - INFO - 开始预处理文本
2025-08-01 18:05:48,967 - EduRAG - INFO - 开始预处理文本
2025-08-01 18:05:48,967 - EduRAG - INFO - 开始预处理文本
2025-08-01 18:05:48,967 - EduRAG - INFO - 开始预处理文本
2025-08-01 18:05:48,967 - EduRAG - INFO - 开始预处理文本
2025-08-01 18:05:48,967 - EduRAG - INFO - 开始预处理文本
2025-08-01 18:05:48,967 - EduRAG - INFO - 开始预处理文本
2025-08-01 18:05:48,967 - EduRAG - INFO - 开始预处理文本
2025-08-01 18:05:48,967 - EduRAG - INFO - 开始预处理文本
2025-08-01 18:05:48,967 - EduRAG - INFO - 开始预处理文本
2025-08-01 18:05:48,968 - EduRAG - INFO - 开始预处理文本
2025-08-01 18:05:48,968 - EduRAG - INFO - 开始预处理文本
2025-08-01 18:05:48,968 - EduRAG - INFO - 开始预处理文本
2025-08-01 18:05:48,968 - EduRAG - INFO - 开始预处理文本
2025-08-01 18:05:48,968 - EduRAG - INFO - 开始预处理文本
2025-08-01 18:05:48,968 - EduRAG - INFO - 开始预处理文本
2025-08-01 18:05:48,968 - EduRAG - INFO - 开始预处理文本
2025-08-01 18:05:48,968 - EduRAG - INFO - 开始预处理文本
2025-08-01 18:05:48,968 - EduRAG - INFO - 开始预处理文本
2025-08-01 18:05:48,968 - EduRAG - INFO - 开始预处理文本
2025-08-01 18:05:48,968 - EduRAG - INFO - 开始预处理文本
2025-08-01 18:05:48,968 - EduRAG - INFO - 开始预处理文本
2025-08-01 18:05:48,968 - EduRAG - INFO - 开始预处理文本
2025-08-01 18:05:48,968 - EduRAG - INFO - 开始预处理文本
2025-08-01 18:05:48,968 - EduRAG - INFO - 开始预处理文本
2025-08-01 18:05:48,968 - EduRAG - INFO - 开始预处理文本
2025-08-01 18:05:48,968 - EduRAG - INFO - 开始预处理文本
2025-08-01 18:05:48,968 - EduRAG - INFO - 开始预处理文本
2025-08-01 18:05:48,969 - EduRAG - INFO - 开始预处理文本
2025-08-01 18:05:48,969 - EduRAG - INFO - 开始预处理文本
2025-08-01 18:05:48,969 - EduRAG - INFO - 开始预处理文本
2025-08-01 18:05:48,969 - EduRAG - INFO - 开始预处理文本
2025-08-01 18:05:48,969 - EduRAG - INFO - 开始预处理文本
2025-08-01 18:05:48,969 - EduRAG - INFO - 开始预处理文本
2025-08-01 18:05:48,969 - EduRAG - INFO - 开始预处理文本
2025-08-01 18:05:48,969 - EduRAG - INFO - 开始预处理文本
2025-08-01 18:05:48,969 - EduRAG - INFO - 开始预处理文本
2025-08-01 18:05:48,969 - EduRAG - INFO - 开始预处理文本
2025-08-01 18:05:48,969 - EduRAG - INFO - 开始预处理文本
2025-08-01 18:05:48,969 - EduRAG - INFO - 开始预处理文本
2025-08-01 18:05:48,969 - EduRAG - INFO - 开始预处理文本
2025-08-01 18:05:48,969 - EduRAG - INFO - 开始预处理文本
2025-08-01 18:05:48,969 - EduRAG - INFO - 开始预处理文本
2025-08-01 18:05:48,969 - EduRAG - INFO - 开始预处理文本
2025-08-01 18:05:48,969 - EduRAG - INFO - 开始预处理文本
2025-08-01 18:05:48,969 - EduRAG - INFO - 开始预处理文本
2025-08-01 18:05:48,969 - EduRAG - INFO - 开始预处理文本
2025-08-01 18:05:48,969 - EduRAG - INFO - 开始预处理文本
2025-08-01 18:05:48,969 - EduRAG - INFO - 开始预处理文本
2025-08-01 18:05:48,969 - EduRAG - INFO - 开始预处理文本
2025-08-01 18:05:48,970 - EduRAG - INFO - 开始预处理文本
2025-08-01 18:05:48,970 - EduRAG - INFO - 开始预处理文本
2025-08-01 18:05:48,970 - EduRAG - INFO - 开始预处理文本
2025-08-01 18:05:48,970 - EduRAG - INFO - 开始预处理文本
2025-08-01 18:05:48,970 - EduRAG - INFO - 开始预处理文本
2025-08-01 18:05:48,970 - EduRAG - INFO - 开始预处理文本
2025-08-01 18:05:48,970 - EduRAG - INFO - 开始预处理文本
2025-08-01 18:05:48,970 - EduRAG - INFO - 开始预处理文本
2025-08-01 18:05:48,970 - EduRAG - INFO - 开始预处理文本
2025-08-01 18:05:48,970 - EduRAG - INFO - 开始预处理文本
2025-08-01 18:05:48,970 - EduRAG - INFO - 开始预处理文本
2025-08-01 18:05:48,970 - EduRAG - INFO - 开始预处理文本
2025-08-01 18:05:48,970 - EduRAG - INFO - 开始预处理文本
2025-08-01 18:05:48,970 - EduRAG - INFO - 开始预处理文本
2025-08-01 18:05:48,970 - EduRAG - INFO - 开始预处理文本
2025-08-01 18:05:48,970 - EduRAG - INFO - 开始预处理文本
2025-08-01 18:05:48,970 - EduRAG - INFO - 开始预处理文本
2025-08-01 18:05:48,970 - EduRAG - INFO - 开始预处理文本
2025-08-01 18:05:48,970 - EduRAG - INFO - 开始预处理文本
2025-08-01 18:05:48,970 - EduRAG - INFO - 开始预处理文本
2025-08-01 18:05:48,970 - EduRAG - INFO - 开始预处理文本
2025-08-01 18:05:48,970 - EduRAG - INFO - 开始预处理文本
2025-08-01 18:05:48,970 - EduRAG - INFO - 开始预处理文本
2025-08-01 18:05:48,971 - EduRAG - INFO - 开始预处理文本
2025-08-01 18:05:48,971 - EduRAG - INFO - 开始预处理文本
2025-08-01 18:05:48,971 - EduRAG - INFO - 开始预处理文本
2025-08-01 18:05:48,971 - EduRAG - INFO - 开始预处理文本
2025-08-01 18:05:48,971 - EduRAG - INFO - 开始预处理文本
2025-08-01 18:05:48,971 - EduRAG - INFO - 开始预处理文本
2025-08-01 18:05:48,971 - EduRAG - INFO - 开始预处理文本
2025-08-01 18:05:48,971 - EduRAG - INFO - 开始预处理文本
2025-08-01 18:05:48,971 - EduRAG - INFO - 开始预处理文本
2025-08-01 18:05:48,971 - EduRAG - INFO - 开始预处理文本
2025-08-01 18:05:48,971 - EduRAG - INFO - 开始预处理文本
2025-08-01 18:05:48,971 - EduRAG - INFO - 开始预处理文本
2025-08-01 18:05:48,971 - EduRAG - INFO - 开始预处理文本
2025-08-01 18:05:48,971 - EduRAG - INFO - 开始预处理文本
2025-08-01 18:05:48,971 - EduRAG - INFO - 开始预处理文本
2025-08-01 18:05:48,971 - EduRAG - INFO - 开始预处理文本
2025-08-01 18:05:48,971 - EduRAG - INFO - 开始预处理文本
2025-08-01 18:05:48,971 - EduRAG - INFO - 开始预处理文本
2025-08-01 18:05:48,971 - EduRAG - INFO - 开始预处理文本
2025-08-01 18:05:48,971 - EduRAG - INFO - 开始预处理文本
2025-08-01 18:05:48,971 - EduRAG - INFO - 开始预处理文本
2025-08-01 18:05:48,971 - EduRAG - INFO - 开始预处理文本
2025-08-01 18:05:48,972 - EduRAG - INFO - 开始预处理文本
2025-08-01 18:05:48,972 - EduRAG - INFO - 开始预处理文本
2025-08-01 18:05:48,972 - EduRAG - INFO - 开始预处理文本
2025-08-01 18:05:48,972 - EduRAG - INFO - 开始预处理文本
2025-08-01 18:05:48,972 - EduRAG - INFO - 开始预处理文本
2025-08-01 18:05:48,972 - EduRAG - INFO - 开始预处理文本
2025-08-01 18:05:48,972 - EduRAG - INFO - 开始预处理文本
2025-08-01 18:05:48,972 - EduRAG - INFO - 开始预处理文本
2025-08-01 18:05:48,972 - EduRAG - INFO - 开始预处理文本
2025-08-01 18:05:48,972 - EduRAG - INFO - 开始预处理文本
2025-08-01 18:05:48,972 - EduRAG - INFO - 开始预处理文本
2025-08-01 18:05:48,972 - EduRAG - INFO - 开始预处理文本
2025-08-01 18:05:48,972 - EduRAG - INFO - 开始预处理文本
2025-08-01 18:05:48,972 - EduRAG - INFO - 开始预处理文本
2025-08-01 18:05:48,972 - EduRAG - INFO - 开始预处理文本
2025-08-01 18:05:48,972 - EduRAG - INFO - 开始预处理文本
2025-08-01 18:05:48,972 - EduRAG - INFO - 开始预处理文本
2025-08-01 18:05:48,972 - EduRAG - INFO - 开始预处理文本
2025-08-01 18:05:48,972 - EduRAG - INFO - 开始预处理文本
2025-08-01 18:05:48,972 - EduRAG - INFO - 开始预处理文本
2025-08-01 18:05:48,972 - EduRAG - INFO - 开始预处理文本
2025-08-01 18:05:48,972 - EduRAG - INFO - 开始预处理文本
2025-08-01 18:05:48,973 - EduRAG - INFO - 开始预处理文本
2025-08-01 18:05:48,973 - EduRAG - INFO - 开始预处理文本
2025-08-01 18:05:48,973 - EduRAG - INFO - 开始预处理文本
2025-08-01 18:05:48,973 - EduRAG - INFO - 开始预处理文本
2025-08-01 18:05:48,973 - EduRAG - INFO - 开始预处理文本
2025-08-01 18:05:48,973 - EduRAG - INFO - 开始预处理文本
2025-08-01 18:05:48,973 - EduRAG - INFO - 开始预处理文本
2025-08-01 18:05:48,973 - EduRAG - INFO - 开始预处理文本
2025-08-01 18:05:48,973 - EduRAG - INFO - 开始预处理文本
2025-08-01 18:05:48,973 - EduRAG - INFO - 开始预处理文本
2025-08-01 18:05:48,973 - EduRAG - INFO - 开始预处理文本
2025-08-01 18:05:48,973 - EduRAG - INFO - 开始预处理文本
2025-08-01 18:05:48,973 - EduRAG - INFO - 开始预处理文本
2025-08-01 18:05:48,973 - EduRAG - INFO - 开始预处理文本
2025-08-01 18:05:48,973 - EduRAG - INFO - 开始预处理文本
2025-08-01 18:05:48,973 - EduRAG - INFO - 开始预处理文本
2025-08-01 18:05:48,973 - EduRAG - INFO - 开始预处理文本
2025-08-01 18:05:48,973 - EduRAG - INFO - 开始预处理文本
2025-08-01 18:05:48,973 - EduRAG - INFO - 开始预处理文本
2025-08-01 18:05:48,973 - EduRAG - INFO - 开始预处理文本
2025-08-01 18:05:48,973 - EduRAG - INFO - 开始预处理文本
2025-08-01 18:05:48,973 - EduRAG - INFO - 开始预处理文本
2025-08-01 18:05:48,973 - EduRAG - INFO - 开始预处理文本
2025-08-01 18:05:48,973 - EduRAG - INFO - 开始预处理文本
2025-08-01 18:05:48,973 - EduRAG - INFO - 开始预处理文本
2025-08-01 18:05:48,973 - EduRAG - INFO - 开始预处理文本
2025-08-01 18:05:48,974 - EduRAG - INFO - 开始预处理文本
2025-08-01 18:05:48,974 - EduRAG - INFO - 开始预处理文本
2025-08-01 18:05:48,974 - EduRAG - INFO - 开始预处理文本
2025-08-01 18:05:48,974 - EduRAG - INFO - 开始预处理文本
2025-08-01 18:05:48,974 - EduRAG - INFO - 开始预处理文本
2025-08-01 18:05:48,974 - EduRAG - INFO - 开始预处理文本
2025-08-01 18:05:48,974 - EduRAG - INFO - 开始预处理文本
2025-08-01 18:05:48,974 - EduRAG - INFO - 开始预处理文本
2025-08-01 18:05:48,974 - EduRAG - INFO - 开始预处理文本
2025-08-01 18:05:48,974 - EduRAG - INFO - 开始预处理文本
2025-08-01 18:05:48,974 - EduRAG - INFO - 开始预处理文本
2025-08-01 18:05:48,974 - EduRAG - INFO - 开始预处理文本
2025-08-01 18:05:48,975 - EduRAG - INFO - 开始预处理文本
2025-08-01 18:05:48,975 - EduRAG - INFO - 开始预处理文本
2025-08-01 18:05:48,975 - EduRAG - INFO - 开始预处理文本
2025-08-01 18:05:48,975 - EduRAG - INFO - 开始预处理文本
2025-08-01 18:05:48,975 - EduRAG - INFO - 开始预处理文本
2025-08-01 18:05:48,975 - EduRAG - INFO - 开始预处理文本
2025-08-01 18:05:48,975 - EduRAG - INFO - 开始预处理文本
2025-08-01 18:05:48,975 - EduRAG - INFO - 开始预处理文本
2025-08-01 18:05:48,975 - EduRAG - INFO - 开始预处理文本
2025-08-01 18:05:48,975 - EduRAG - INFO - 开始预处理文本
2025-08-01 18:05:48,975 - EduRAG - INFO - 开始预处理文本
2025-08-01 18:05:48,975 - EduRAG - INFO - 开始预处理文本
2025-08-01 18:05:48,975 - EduRAG - INFO - 开始预处理文本
2025-08-01 18:05:48,975 - EduRAG - INFO - 开始预处理文本
2025-08-01 18:05:48,975 - EduRAG - INFO - 开始预处理文本
2025-08-01 18:05:48,975 - EduRAG - INFO - 开始预处理文本
2025-08-01 18:05:48,975 - EduRAG - INFO - 开始预处理文本
2025-08-01 18:05:48,976 - EduRAG - INFO - 开始预处理文本
2025-08-01 18:05:48,976 - EduRAG - INFO - 开始预处理文本
2025-08-01 18:05:48,976 - EduRAG - INFO - 开始预处理文本
2025-08-01 18:05:48,976 - EduRAG - INFO - 开始预处理文本
2025-08-01 18:05:48,976 - EduRAG - INFO - 开始预处理文本
2025-08-01 18:05:48,976 - EduRAG - INFO - 开始预处理文本
2025-08-01 18:05:48,976 - EduRAG - INFO - 开始预处理文本
2025-08-01 18:05:48,976 - EduRAG - INFO - 开始预处理文本
2025-08-01 18:05:48,976 - EduRAG - INFO - 开始预处理文本
2025-08-01 18:05:48,976 - EduRAG - INFO - 开始预处理文本
2025-08-01 18:05:48,976 - EduRAG - INFO - 开始预处理文本
2025-08-01 18:05:48,976 - EduRAG - INFO - 开始预处理文本
2025-08-01 18:05:48,976 - EduRAG - INFO - 开始预处理文本
2025-08-01 18:05:48,976 - EduRAG - INFO - 开始预处理文本
2025-08-01 18:05:48,976 - EduRAG - INFO - 开始预处理文本
2025-08-01 18:05:48,976 - EduRAG - INFO - 开始预处理文本
2025-08-01 18:05:48,976 - EduRAG - INFO - 开始预处理文本
2025-08-01 18:05:48,977 - EduRAG - INFO - 开始预处理文本
2025-08-01 18:05:48,977 - EduRAG - INFO - 开始预处理文本
2025-08-01 18:05:48,977 - EduRAG - INFO - 开始预处理文本
2025-08-01 18:05:48,977 - EduRAG - INFO - 开始预处理文本
2025-08-01 18:05:48,977 - EduRAG - INFO - 开始预处理文本
2025-08-01 18:05:48,977 - EduRAG - INFO - 开始预处理文本
2025-08-01 18:05:48,977 - EduRAG - INFO - 开始预处理文本
2025-08-01 18:05:48,977 - EduRAG - INFO - 开始预处理文本
2025-08-01 18:05:48,977 - EduRAG - INFO - 开始预处理文本
2025-08-01 18:05:48,977 - EduRAG - INFO - 开始预处理文本
2025-08-01 18:05:48,977 - EduRAG - INFO - 开始预处理文本
2025-08-01 18:05:48,977 - EduRAG - INFO - 开始预处理文本
2025-08-01 18:05:48,977 - EduRAG - INFO - 开始预处理文本
2025-08-01 18:05:48,977 - EduRAG - INFO - 开始预处理文本
2025-08-01 18:05:48,977 - EduRAG - INFO - 开始预处理文本
2025-08-01 18:05:48,978 - EduRAG - INFO - 开始预处理文本
2025-08-01 18:05:48,978 - EduRAG - INFO - 开始预处理文本
2025-08-01 18:05:48,978 - EduRAG - INFO - 开始预处理文本
2025-08-01 18:05:48,978 - EduRAG - INFO - 开始预处理文本
2025-08-01 18:05:48,978 - EduRAG - INFO - 开始预处理文本
2025-08-01 18:05:48,978 - EduRAG - INFO - 开始预处理文本
2025-08-01 18:05:48,978 - EduRAG - INFO - 开始预处理文本
2025-08-01 18:05:48,978 - EduRAG - INFO - 开始预处理文本
2025-08-01 18:05:48,978 - EduRAG - INFO - 开始预处理文本
2025-08-01 18:05:48,978 - EduRAG - INFO - 开始预处理文本
2025-08-01 18:05:48,978 - EduRAG - INFO - 开始预处理文本
2025-08-01 18:05:48,978 - EduRAG - INFO - 开始预处理文本
2025-08-01 18:05:48,978 - EduRAG - INFO - 开始预处理文本
2025-08-01 18:05:48,978 - EduRAG - INFO - 开始预处理文本
2025-08-01 18:05:48,978 - EduRAG - INFO - 开始预处理文本
2025-08-01 18:05:48,978 - EduRAG - INFO - 开始预处理文本
2025-08-01 18:05:48,979 - EduRAG - INFO - 开始预处理文本
2025-08-01 18:05:48,979 - EduRAG - INFO - 开始预处理文本
2025-08-01 18:05:48,979 - EduRAG - INFO - 开始预处理文本
2025-08-01 18:05:48,979 - EduRAG - INFO - 开始预处理文本
2025-08-01 18:05:48,979 - EduRAG - INFO - 开始预处理文本
2025-08-01 18:05:48,979 - EduRAG - INFO - 开始预处理文本
2025-08-01 18:05:48,979 - EduRAG - INFO - 开始预处理文本
2025-08-01 18:05:48,979 - EduRAG - INFO - 开始预处理文本
2025-08-01 18:05:48,979 - EduRAG - INFO - 开始预处理文本
2025-08-01 18:05:48,979 - EduRAG - INFO - 开始预处理文本
2025-08-01 18:05:48,979 - EduRAG - INFO - 开始预处理文本
2025-08-01 18:05:48,979 - EduRAG - INFO - 开始预处理文本
2025-08-01 18:05:48,979 - EduRAG - INFO - 开始预处理文本
2025-08-01 18:05:48,979 - EduRAG - INFO - 开始预处理文本
2025-08-01 18:05:48,979 - EduRAG - INFO - 开始预处理文本
2025-08-01 18:05:48,979 - EduRAG - INFO - 开始预处理文本
2025-08-01 18:05:48,980 - EduRAG - INFO - 开始预处理文本
2025-08-01 18:05:48,980 - EduRAG - INFO - 开始预处理文本
2025-08-01 18:05:48,980 - EduRAG - INFO - 开始预处理文本
2025-08-01 18:05:48,980 - EduRAG - INFO - 开始预处理文本
2025-08-01 18:05:48,980 - EduRAG - INFO - 开始预处理文本
2025-08-01 18:05:48,980 - EduRAG - INFO - 开始预处理文本
2025-08-01 18:05:48,980 - EduRAG - INFO - 开始预处理文本
2025-08-01 18:05:48,980 - EduRAG - INFO - 开始预处理文本
2025-08-01 18:05:48,980 - EduRAG - INFO - 开始预处理文本
2025-08-01 18:05:48,980 - EduRAG - INFO - 开始预处理文本
2025-08-01 18:05:48,980 - EduRAG - INFO - 开始预处理文本
2025-08-01 18:05:48,980 - EduRAG - INFO - 开始预处理文本
2025-08-01 18:05:48,980 - EduRAG - INFO - 开始预处理文本
2025-08-01 18:05:48,980 - EduRAG - INFO - 开始预处理文本
2025-08-01 18:05:48,980 - EduRAG - INFO - 开始预处理文本
2025-08-01 18:05:48,980 - EduRAG - INFO - 开始预处理文本
2025-08-01 18:05:48,980 - EduRAG - INFO - 开始预处理文本
2025-08-01 18:05:48,980 - EduRAG - INFO - 开始预处理文本
2025-08-01 18:05:48,980 - EduRAG - INFO - 开始预处理文本
2025-08-01 18:05:48,980 - EduRAG - INFO - 开始预处理文本
2025-08-01 18:05:48,981 - EduRAG - INFO - 开始预处理文本
2025-08-01 18:05:48,981 - EduRAG - INFO - 开始预处理文本
2025-08-01 18:05:48,981 - EduRAG - INFO - 开始预处理文本
2025-08-01 18:05:48,981 - EduRAG - INFO - 开始预处理文本
2025-08-01 18:05:48,981 - EduRAG - INFO - 开始预处理文本
2025-08-01 18:05:48,981 - EduRAG - INFO - 开始预处理文本
2025-08-01 18:05:48,981 - EduRAG - INFO - 开始预处理文本
2025-08-01 18:05:48,981 - EduRAG - INFO - 开始预处理文本
2025-08-01 18:05:48,981 - EduRAG - INFO - 开始预处理文本
2025-08-01 18:05:48,981 - EduRAG - INFO - 开始预处理文本
2025-08-01 18:05:48,981 - EduRAG - INFO - 开始预处理文本
2025-08-01 18:05:48,981 - EduRAG - INFO - 开始预处理文本
2025-08-01 18:05:48,981 - EduRAG - INFO - 开始预处理文本
2025-08-01 18:05:48,981 - EduRAG - INFO - 开始预处理文本
2025-08-01 18:05:48,981 - EduRAG - INFO - 开始预处理文本
2025-08-01 18:05:48,982 - EduRAG - INFO - 开始预处理文本
2025-08-01 18:05:48,982 - EduRAG - INFO - 开始预处理文本
2025-08-01 18:05:48,982 - EduRAG - INFO - 开始预处理文本
2025-08-01 18:05:48,982 - EduRAG - INFO - 开始预处理文本
2025-08-01 18:05:48,982 - EduRAG - INFO - 开始预处理文本
2025-08-01 18:05:48,982 - EduRAG - INFO - 开始预处理文本
2025-08-01 18:05:48,982 - EduRAG - INFO - 开始预处理文本
2025-08-01 18:05:48,982 - EduRAG - INFO - 开始预处理文本
2025-08-01 18:05:48,982 - EduRAG - INFO - 开始预处理文本
2025-08-01 18:05:48,982 - EduRAG - INFO - 开始预处理文本
2025-08-01 18:05:48,982 - EduRAG - INFO - 开始预处理文本
2025-08-01 18:05:48,982 - EduRAG - INFO - 开始预处理文本
2025-08-01 18:05:48,982 - EduRAG - INFO - 开始预处理文本
2025-08-01 18:05:48,982 - EduRAG - INFO - 开始预处理文本
2025-08-01 18:05:48,983 - EduRAG - INFO - 开始预处理文本
2025-08-01 18:05:48,983 - EduRAG - INFO - 开始预处理文本
2025-08-01 18:05:48,983 - EduRAG - INFO - 开始预处理文本
2025-08-01 18:05:48,983 - EduRAG - INFO - 开始预处理文本
2025-08-01 18:05:48,983 - EduRAG - INFO - 开始预处理文本
2025-08-01 18:05:48,983 - EduRAG - INFO - 开始预处理文本
2025-08-01 18:05:48,983 - EduRAG - INFO - 开始预处理文本
2025-08-01 18:05:48,983 - EduRAG - INFO - 开始预处理文本
2025-08-01 18:05:48,983 - EduRAG - INFO - 开始预处理文本
2025-08-01 18:05:48,983 - EduRAG - INFO - 开始预处理文本
2025-08-01 18:05:48,983 - EduRAG - INFO - 开始预处理文本
2025-08-01 18:05:48,983 - EduRAG - INFO - 开始预处理文本
2025-08-01 18:05:48,983 - EduRAG - INFO - 开始预处理文本
2025-08-01 18:05:48,983 - EduRAG - INFO - 开始预处理文本
2025-08-01 18:05:48,983 - EduRAG - INFO - 开始预处理文本
2025-08-01 18:05:48,983 - EduRAG - INFO - 开始预处理文本
2025-08-01 18:05:48,983 - EduRAG - INFO - 开始预处理文本
2025-08-01 18:05:48,984 - EduRAG - INFO - 开始预处理文本
2025-08-01 18:05:48,984 - EduRAG - INFO - 开始预处理文本
2025-08-01 18:05:48,984 - EduRAG - INFO - 开始预处理文本
2025-08-01 18:05:48,984 - EduRAG - INFO - 开始预处理文本
2025-08-01 18:05:48,984 - EduRAG - INFO - 开始预处理文本
2025-08-01 18:05:48,984 - EduRAG - INFO - 开始预处理文本
2025-08-01 18:05:48,984 - EduRAG - INFO - 开始预处理文本
2025-08-01 18:05:48,984 - EduRAG - INFO - 开始预处理文本
2025-08-01 18:05:48,984 - EduRAG - INFO - 开始预处理文本
2025-08-01 18:05:48,984 - EduRAG - INFO - 开始预处理文本
2025-08-01 18:05:48,984 - EduRAG - INFO - 开始预处理文本
2025-08-01 18:05:48,984 - EduRAG - INFO - 开始预处理文本
2025-08-01 18:05:48,984 - EduRAG - INFO - 开始预处理文本
2025-08-01 18:05:48,984 - EduRAG - INFO - 开始预处理文本
2025-08-01 18:05:48,984 - EduRAG - INFO - 开始预处理文本
2025-08-01 18:05:48,984 - EduRAG - INFO - 开始预处理文本
2025-08-01 18:05:48,984 - EduRAG - INFO - 开始预处理文本
2025-08-01 18:05:48,985 - EduRAG - INFO - 开始预处理文本
2025-08-01 18:05:48,985 - EduRAG - INFO - 开始预处理文本
2025-08-01 18:05:48,985 - EduRAG - INFO - 开始预处理文本
2025-08-01 18:05:48,985 - EduRAG - INFO - 开始预处理文本
2025-08-01 18:05:48,985 - EduRAG - INFO - 开始预处理文本
2025-08-01 18:05:48,985 - EduRAG - INFO - 开始预处理文本
2025-08-01 18:05:48,985 - EduRAG - INFO - 开始预处理文本
2025-08-01 18:05:48,985 - EduRAG - INFO - 开始预处理文本
2025-08-01 18:05:48,985 - EduRAG - INFO - 开始预处理文本
2025-08-01 18:05:48,985 - EduRAG - INFO - 开始预处理文本
2025-08-01 18:05:48,985 - EduRAG - INFO - 开始预处理文本
2025-08-01 18:05:48,985 - EduRAG - INFO - 开始预处理文本
2025-08-01 18:05:48,985 - EduRAG - INFO - 开始预处理文本
2025-08-01 18:05:48,985 - EduRAG - INFO - 开始预处理文本
2025-08-01 18:05:48,985 - EduRAG - INFO - 开始预处理文本
2025-08-01 18:05:48,985 - EduRAG - INFO - 开始预处理文本
2025-08-01 18:05:48,986 - EduRAG - INFO - 开始预处理文本
2025-08-01 18:05:48,986 - EduRAG - INFO - 开始预处理文本
2025-08-01 18:05:48,986 - EduRAG - INFO - 开始预处理文本
2025-08-01 18:05:48,986 - EduRAG - INFO - 开始预处理文本
2025-08-01 18:05:48,986 - EduRAG - INFO - 开始预处理文本
2025-08-01 18:05:48,986 - EduRAG - INFO - 开始预处理文本
2025-08-01 18:05:48,986 - EduRAG - INFO - 开始预处理文本
2025-08-01 18:05:48,986 - EduRAG - INFO - 开始预处理文本
2025-08-01 18:05:48,986 - EduRAG - INFO - 开始预处理文本
2025-08-01 18:05:48,986 - EduRAG - INFO - 开始预处理文本
2025-08-01 18:05:48,986 - EduRAG - INFO - 开始预处理文本
2025-08-01 18:05:48,986 - EduRAG - INFO - 开始预处理文本
2025-08-01 18:05:48,986 - EduRAG - INFO - 开始预处理文本
2025-08-01 18:05:48,986 - EduRAG - INFO - 开始预处理文本
2025-08-01 18:05:48,986 - EduRAG - INFO - 开始预处理文本
2025-08-01 18:06:03,153 - EduRAG - INFO - Redis 连接成功
2025-08-01 18:06:03,162 - EduRAG - INFO - MySQL 连接成功
2025-08-01 18:06:03,171 - EduRAG - INFO - 成功获取问题
2025-08-01 18:06:03,172 - EduRAG - INFO - 开始预处理文本
2025-08-01 18:06:03,542 - EduRAG - INFO - 开始预处理文本
2025-08-01 18:06:03,542 - EduRAG - INFO - 开始预处理文本
2025-08-01 18:06:03,542 - EduRAG - INFO - 开始预处理文本
2025-08-01 18:06:03,543 - EduRAG - INFO - 开始预处理文本
2025-08-01 18:06:03,543 - EduRAG - INFO - 开始预处理文本
2025-08-01 18:06:03,543 - EduRAG - INFO - 开始预处理文本
2025-08-01 18:06:03,543 - EduRAG - INFO - 开始预处理文本
2025-08-01 18:06:03,543 - EduRAG - INFO - 开始预处理文本
2025-08-01 18:06:03,543 - EduRAG - INFO - 开始预处理文本
2025-08-01 18:06:03,543 - EduRAG - INFO - 开始预处理文本
2025-08-01 18:06:03,543 - EduRAG - INFO - 开始预处理文本
2025-08-01 18:06:03,543 - EduRAG - INFO - 开始预处理文本
2025-08-01 18:06:03,543 - EduRAG - INFO - 开始预处理文本
2025-08-01 18:06:03,543 - EduRAG - INFO - 开始预处理文本
2025-08-01 18:06:03,543 - EduRAG - INFO - 开始预处理文本
2025-08-01 18:06:03,543 - EduRAG - INFO - 开始预处理文本
2025-08-01 18:06:03,544 - EduRAG - INFO - 开始预处理文本
2025-08-01 18:06:03,544 - EduRAG - INFO - 开始预处理文本
2025-08-01 18:06:03,544 - EduRAG - INFO - 开始预处理文本
2025-08-01 18:06:03,544 - EduRAG - INFO - 开始预处理文本
2025-08-01 18:06:03,544 - EduRAG - INFO - 开始预处理文本
2025-08-01 18:06:03,544 - EduRAG - INFO - 开始预处理文本
2025-08-01 18:06:03,544 - EduRAG - INFO - 开始预处理文本
2025-08-01 18:06:03,544 - EduRAG - INFO - 开始预处理文本
2025-08-01 18:06:03,544 - EduRAG - INFO - 开始预处理文本
2025-08-01 18:06:03,544 - EduRAG - INFO - 开始预处理文本
2025-08-01 18:06:03,544 - EduRAG - INFO - 开始预处理文本
2025-08-01 18:06:03,544 - EduRAG - INFO - 开始预处理文本
2025-08-01 18:06:03,544 - EduRAG - INFO - 开始预处理文本
2025-08-01 18:06:03,544 - EduRAG - INFO - 开始预处理文本
2025-08-01 18:06:03,544 - EduRAG - INFO - 开始预处理文本
2025-08-01 18:06:03,544 - EduRAG - INFO - 开始预处理文本
2025-08-01 18:06:03,545 - EduRAG - INFO - 开始预处理文本
2025-08-01 18:06:03,545 - EduRAG - INFO - 开始预处理文本
2025-08-01 18:06:03,545 - EduRAG - INFO - 开始预处理文本
2025-08-01 18:06:03,545 - EduRAG - INFO - 开始预处理文本
2025-08-01 18:06:03,545 - EduRAG - INFO - 开始预处理文本
2025-08-01 18:06:03,545 - EduRAG - INFO - 开始预处理文本
2025-08-01 18:06:03,545 - EduRAG - INFO - 开始预处理文本
2025-08-01 18:06:03,545 - EduRAG - INFO - 开始预处理文本
2025-08-01 18:06:03,545 - EduRAG - INFO - 开始预处理文本
2025-08-01 18:06:03,545 - EduRAG - INFO - 开始预处理文本
2025-08-01 18:06:03,545 - EduRAG - INFO - 开始预处理文本
2025-08-01 18:06:03,545 - EduRAG - INFO - 开始预处理文本
2025-08-01 18:06:03,545 - EduRAG - INFO - 开始预处理文本
2025-08-01 18:06:03,545 - EduRAG - INFO - 开始预处理文本
2025-08-01 18:06:03,545 - EduRAG - INFO - 开始预处理文本
2025-08-01 18:06:03,545 - EduRAG - INFO - 开始预处理文本
2025-08-01 18:06:03,545 - EduRAG - INFO - 开始预处理文本
2025-08-01 18:06:03,546 - EduRAG - INFO - 开始预处理文本
2025-08-01 18:06:03,546 - EduRAG - INFO - 开始预处理文本
2025-08-01 18:06:03,546 - EduRAG - INFO - 开始预处理文本
2025-08-01 18:06:03,546 - EduRAG - INFO - 开始预处理文本
2025-08-01 18:06:03,546 - EduRAG - INFO - 开始预处理文本
2025-08-01 18:06:03,546 - EduRAG - INFO - 开始预处理文本
2025-08-01 18:06:03,546 - EduRAG - INFO - 开始预处理文本
2025-08-01 18:06:03,546 - EduRAG - INFO - 开始预处理文本
2025-08-01 18:06:03,546 - EduRAG - INFO - 开始预处理文本
2025-08-01 18:06:03,546 - EduRAG - INFO - 开始预处理文本
2025-08-01 18:06:03,546 - EduRAG - INFO - 开始预处理文本
2025-08-01 18:06:03,546 - EduRAG - INFO - 开始预处理文本
2025-08-01 18:06:03,546 - EduRAG - INFO - 开始预处理文本
2025-08-01 18:06:03,547 - EduRAG - INFO - 开始预处理文本
2025-08-01 18:06:03,547 - EduRAG - INFO - 开始预处理文本
2025-08-01 18:06:03,547 - EduRAG - INFO - 开始预处理文本
2025-08-01 18:06:03,547 - EduRAG - INFO - 开始预处理文本
2025-08-01 18:06:03,547 - EduRAG - INFO - 开始预处理文本
2025-08-01 18:06:03,547 - EduRAG - INFO - 开始预处理文本
2025-08-01 18:06:03,547 - EduRAG - INFO - 开始预处理文本
2025-08-01 18:06:03,547 - EduRAG - INFO - 开始预处理文本
2025-08-01 18:06:03,547 - EduRAG - INFO - 开始预处理文本
2025-08-01 18:06:03,547 - EduRAG - INFO - 开始预处理文本
2025-08-01 18:06:03,547 - EduRAG - INFO - 开始预处理文本
2025-08-01 18:06:03,547 - EduRAG - INFO - 开始预处理文本
2025-08-01 18:06:03,548 - EduRAG - INFO - 开始预处理文本
2025-08-01 18:06:03,548 - EduRAG - INFO - 开始预处理文本
2025-08-01 18:06:03,548 - EduRAG - INFO - 开始预处理文本
2025-08-01 18:06:03,548 - EduRAG - INFO - 开始预处理文本
2025-08-01 18:06:03,548 - EduRAG - INFO - 开始预处理文本
2025-08-01 18:06:03,548 - EduRAG - INFO - 开始预处理文本
2025-08-01 18:06:03,548 - EduRAG - INFO - 开始预处理文本
2025-08-01 18:06:03,548 - EduRAG - INFO - 开始预处理文本
2025-08-01 18:06:03,548 - EduRAG - INFO - 开始预处理文本
2025-08-01 18:06:03,548 - EduRAG - INFO - 开始预处理文本
2025-08-01 18:06:03,548 - EduRAG - INFO - 开始预处理文本
2025-08-01 18:06:03,548 - EduRAG - INFO - 开始预处理文本
2025-08-01 18:06:03,548 - EduRAG - INFO - 开始预处理文本
2025-08-01 18:06:03,548 - EduRAG - INFO - 开始预处理文本
2025-08-01 18:06:03,548 - EduRAG - INFO - 开始预处理文本
2025-08-01 18:06:03,548 - EduRAG - INFO - 开始预处理文本
2025-08-01 18:06:03,549 - EduRAG - INFO - 开始预处理文本
2025-08-01 18:06:03,549 - EduRAG - INFO - 开始预处理文本
2025-08-01 18:06:03,549 - EduRAG - INFO - 开始预处理文本
2025-08-01 18:06:03,549 - EduRAG - INFO - 开始预处理文本
2025-08-01 18:06:03,549 - EduRAG - INFO - 开始预处理文本
2025-08-01 18:06:03,550 - EduRAG - INFO - 开始预处理文本
2025-08-01 18:06:03,550 - EduRAG - INFO - 开始预处理文本
2025-08-01 18:06:03,550 - EduRAG - INFO - 开始预处理文本
2025-08-01 18:06:03,550 - EduRAG - INFO - 开始预处理文本
2025-08-01 18:06:03,550 - EduRAG - INFO - 开始预处理文本
2025-08-01 18:06:03,550 - EduRAG - INFO - 开始预处理文本
2025-08-01 18:06:03,550 - EduRAG - INFO - 开始预处理文本
2025-08-01 18:06:03,550 - EduRAG - INFO - 开始预处理文本
2025-08-01 18:06:03,551 - EduRAG - INFO - 开始预处理文本
2025-08-01 18:06:03,551 - EduRAG - INFO - 开始预处理文本
2025-08-01 18:06:03,551 - EduRAG - INFO - 开始预处理文本
2025-08-01 18:06:03,551 - EduRAG - INFO - 开始预处理文本
2025-08-01 18:06:03,551 - EduRAG - INFO - 开始预处理文本
2025-08-01 18:06:03,551 - EduRAG - INFO - 开始预处理文本
2025-08-01 18:06:03,551 - EduRAG - INFO - 开始预处理文本
2025-08-01 18:06:03,551 - EduRAG - INFO - 开始预处理文本
2025-08-01 18:06:03,551 - EduRAG - INFO - 开始预处理文本
2025-08-01 18:06:03,551 - EduRAG - INFO - 开始预处理文本
2025-08-01 18:06:03,551 - EduRAG - INFO - 开始预处理文本
2025-08-01 18:06:03,553 - EduRAG - INFO - 开始预处理文本
2025-08-01 18:06:03,553 - EduRAG - INFO - 开始预处理文本
2025-08-01 18:06:03,554 - EduRAG - INFO - 开始预处理文本
2025-08-01 18:06:03,554 - EduRAG - INFO - 开始预处理文本
2025-08-01 18:06:03,554 - EduRAG - INFO - 开始预处理文本
2025-08-01 18:06:03,554 - EduRAG - INFO - 开始预处理文本
2025-08-01 18:06:03,555 - EduRAG - INFO - 开始预处理文本
2025-08-01 18:06:03,555 - EduRAG - INFO - 开始预处理文本
2025-08-01 18:06:03,555 - EduRAG - INFO - 开始预处理文本
2025-08-01 18:06:03,555 - EduRAG - INFO - 开始预处理文本
2025-08-01 18:06:03,555 - EduRAG - INFO - 开始预处理文本
2025-08-01 18:06:03,555 - EduRAG - INFO - 开始预处理文本
2025-08-01 18:06:03,555 - EduRAG - INFO - 开始预处理文本
2025-08-01 18:06:03,555 - EduRAG - INFO - 开始预处理文本
2025-08-01 18:06:03,555 - EduRAG - INFO - 开始预处理文本
2025-08-01 18:06:03,555 - EduRAG - INFO - 开始预处理文本
2025-08-01 18:06:03,555 - EduRAG - INFO - 开始预处理文本
2025-08-01 18:06:03,555 - EduRAG - INFO - 开始预处理文本
2025-08-01 18:06:03,555 - EduRAG - INFO - 开始预处理文本
2025-08-01 18:06:03,555 - EduRAG - INFO - 开始预处理文本
2025-08-01 18:06:03,555 - EduRAG - INFO - 开始预处理文本
2025-08-01 18:06:03,556 - EduRAG - INFO - 开始预处理文本
2025-08-01 18:06:03,556 - EduRAG - INFO - 开始预处理文本
2025-08-01 18:06:03,556 - EduRAG - INFO - 开始预处理文本
2025-08-01 18:06:03,556 - EduRAG - INFO - 开始预处理文本
2025-08-01 18:06:03,556 - EduRAG - INFO - 开始预处理文本
2025-08-01 18:06:03,556 - EduRAG - INFO - 开始预处理文本
2025-08-01 18:06:03,556 - EduRAG - INFO - 开始预处理文本
2025-08-01 18:06:03,556 - EduRAG - INFO - 开始预处理文本
2025-08-01 18:06:03,556 - EduRAG - INFO - 开始预处理文本
2025-08-01 18:06:03,556 - EduRAG - INFO - 开始预处理文本
2025-08-01 18:06:03,556 - EduRAG - INFO - 开始预处理文本
2025-08-01 18:06:03,556 - EduRAG - INFO - 开始预处理文本
2025-08-01 18:06:03,556 - EduRAG - INFO - 开始预处理文本
2025-08-01 18:06:03,556 - EduRAG - INFO - 开始预处理文本
2025-08-01 18:06:03,556 - EduRAG - INFO - 开始预处理文本
2025-08-01 18:06:03,556 - EduRAG - INFO - 开始预处理文本
2025-08-01 18:06:03,556 - EduRAG - INFO - 开始预处理文本
2025-08-01 18:06:03,557 - EduRAG - INFO - 开始预处理文本
2025-08-01 18:06:03,557 - EduRAG - INFO - 开始预处理文本
2025-08-01 18:06:03,557 - EduRAG - INFO - 开始预处理文本
2025-08-01 18:06:03,557 - EduRAG - INFO - 开始预处理文本
2025-08-01 18:06:03,557 - EduRAG - INFO - 开始预处理文本
2025-08-01 18:06:03,557 - EduRAG - INFO - 开始预处理文本
2025-08-01 18:06:03,557 - EduRAG - INFO - 开始预处理文本
2025-08-01 18:06:03,557 - EduRAG - INFO - 开始预处理文本
2025-08-01 18:06:03,557 - EduRAG - INFO - 开始预处理文本
2025-08-01 18:06:03,557 - EduRAG - INFO - 开始预处理文本
2025-08-01 18:06:03,557 - EduRAG - INFO - 开始预处理文本
2025-08-01 18:06:03,557 - EduRAG - INFO - 开始预处理文本
2025-08-01 18:06:03,557 - EduRAG - INFO - 开始预处理文本
2025-08-01 18:06:03,557 - EduRAG - INFO - 开始预处理文本
2025-08-01 18:06:03,557 - EduRAG - INFO - 开始预处理文本
2025-08-01 18:06:03,557 - EduRAG - INFO - 开始预处理文本
2025-08-01 18:06:03,557 - EduRAG - INFO - 开始预处理文本
2025-08-01 18:06:03,557 - EduRAG - INFO - 开始预处理文本
2025-08-01 18:06:03,557 - EduRAG - INFO - 开始预处理文本
2025-08-01 18:06:03,557 - EduRAG - INFO - 开始预处理文本
2025-08-01 18:06:03,557 - EduRAG - INFO - 开始预处理文本
2025-08-01 18:06:03,557 - EduRAG - INFO - 开始预处理文本
2025-08-01 18:06:03,558 - EduRAG - INFO - 开始预处理文本
2025-08-01 18:06:03,558 - EduRAG - INFO - 开始预处理文本
2025-08-01 18:06:03,558 - EduRAG - INFO - 开始预处理文本
2025-08-01 18:06:03,558 - EduRAG - INFO - 开始预处理文本
2025-08-01 18:06:03,558 - EduRAG - INFO - 开始预处理文本
2025-08-01 18:06:03,558 - EduRAG - INFO - 开始预处理文本
2025-08-01 18:06:03,558 - EduRAG - INFO - 开始预处理文本
2025-08-01 18:06:03,558 - EduRAG - INFO - 开始预处理文本
2025-08-01 18:06:03,558 - EduRAG - INFO - 开始预处理文本
2025-08-01 18:06:03,558 - EduRAG - INFO - 开始预处理文本
2025-08-01 18:06:03,558 - EduRAG - INFO - 开始预处理文本
2025-08-01 18:06:03,558 - EduRAG - INFO - 开始预处理文本
2025-08-01 18:06:03,558 - EduRAG - INFO - 开始预处理文本
2025-08-01 18:06:03,558 - EduRAG - INFO - 开始预处理文本
2025-08-01 18:06:03,558 - EduRAG - INFO - 开始预处理文本
2025-08-01 18:06:03,558 - EduRAG - INFO - 开始预处理文本
2025-08-01 18:06:03,558 - EduRAG - INFO - 开始预处理文本
2025-08-01 18:06:03,558 - EduRAG - INFO - 开始预处理文本
2025-08-01 18:06:03,558 - EduRAG - INFO - 开始预处理文本
2025-08-01 18:06:03,558 - EduRAG - INFO - 开始预处理文本
2025-08-01 18:06:03,559 - EduRAG - INFO - 开始预处理文本
2025-08-01 18:06:03,559 - EduRAG - INFO - 开始预处理文本
2025-08-01 18:06:03,559 - EduRAG - INFO - 开始预处理文本
2025-08-01 18:06:03,559 - EduRAG - INFO - 开始预处理文本
2025-08-01 18:06:03,559 - EduRAG - INFO - 开始预处理文本
2025-08-01 18:06:03,559 - EduRAG - INFO - 开始预处理文本
2025-08-01 18:06:03,559 - EduRAG - INFO - 开始预处理文本
2025-08-01 18:06:03,559 - EduRAG - INFO - 开始预处理文本
2025-08-01 18:06:03,559 - EduRAG - INFO - 开始预处理文本
2025-08-01 18:06:03,559 - EduRAG - INFO - 开始预处理文本
2025-08-01 18:06:03,559 - EduRAG - INFO - 开始预处理文本
2025-08-01 18:06:03,559 - EduRAG - INFO - 开始预处理文本
2025-08-01 18:06:03,559 - EduRAG - INFO - 开始预处理文本
2025-08-01 18:06:03,559 - EduRAG - INFO - 开始预处理文本
2025-08-01 18:06:03,559 - EduRAG - INFO - 开始预处理文本
2025-08-01 18:06:03,559 - EduRAG - INFO - 开始预处理文本
2025-08-01 18:06:03,559 - EduRAG - INFO - 开始预处理文本
2025-08-01 18:06:03,559 - EduRAG - INFO - 开始预处理文本
2025-08-01 18:06:03,559 - EduRAG - INFO - 开始预处理文本
2025-08-01 18:06:03,559 - EduRAG - INFO - 开始预处理文本
2025-08-01 18:06:03,560 - EduRAG - INFO - 开始预处理文本
2025-08-01 18:06:03,560 - EduRAG - INFO - 开始预处理文本
2025-08-01 18:06:03,560 - EduRAG - INFO - 开始预处理文本
2025-08-01 18:06:03,560 - EduRAG - INFO - 开始预处理文本
2025-08-01 18:06:03,560 - EduRAG - INFO - 开始预处理文本
2025-08-01 18:06:03,560 - EduRAG - INFO - 开始预处理文本
2025-08-01 18:06:03,560 - EduRAG - INFO - 开始预处理文本
2025-08-01 18:06:03,560 - EduRAG - INFO - 开始预处理文本
2025-08-01 18:06:03,560 - EduRAG - INFO - 开始预处理文本
2025-08-01 18:06:03,560 - EduRAG - INFO - 开始预处理文本
2025-08-01 18:06:03,560 - EduRAG - INFO - 开始预处理文本
2025-08-01 18:06:03,560 - EduRAG - INFO - 开始预处理文本
2025-08-01 18:06:03,560 - EduRAG - INFO - 开始预处理文本
2025-08-01 18:06:03,561 - EduRAG - INFO - 开始预处理文本
2025-08-01 18:06:03,561 - EduRAG - INFO - 开始预处理文本
2025-08-01 18:06:03,561 - EduRAG - INFO - 开始预处理文本
2025-08-01 18:06:03,561 - EduRAG - INFO - 开始预处理文本
2025-08-01 18:06:03,561 - EduRAG - INFO - 开始预处理文本
2025-08-01 18:06:03,561 - EduRAG - INFO - 开始预处理文本
2025-08-01 18:06:03,561 - EduRAG - INFO - 开始预处理文本
2025-08-01 18:06:03,561 - EduRAG - INFO - 开始预处理文本
2025-08-01 18:06:03,561 - EduRAG - INFO - 开始预处理文本
2025-08-01 18:06:03,561 - EduRAG - INFO - 开始预处理文本
2025-08-01 18:06:03,561 - EduRAG - INFO - 开始预处理文本
2025-08-01 18:06:03,561 - EduRAG - INFO - 开始预处理文本
2025-08-01 18:06:03,561 - EduRAG - INFO - 开始预处理文本
2025-08-01 18:06:03,561 - EduRAG - INFO - 开始预处理文本
2025-08-01 18:06:03,561 - EduRAG - INFO - 开始预处理文本
2025-08-01 18:06:03,561 - EduRAG - INFO - 开始预处理文本
2025-08-01 18:06:03,561 - EduRAG - INFO - 开始预处理文本
2025-08-01 18:06:03,561 - EduRAG - INFO - 开始预处理文本
2025-08-01 18:06:03,561 - EduRAG - INFO - 开始预处理文本
2025-08-01 18:06:03,561 - EduRAG - INFO - 开始预处理文本
2025-08-01 18:06:03,561 - EduRAG - INFO - 开始预处理文本
2025-08-01 18:06:03,562 - EduRAG - INFO - 开始预处理文本
2025-08-01 18:06:03,562 - EduRAG - INFO - 开始预处理文本
2025-08-01 18:06:03,562 - EduRAG - INFO - 开始预处理文本
2025-08-01 18:06:03,562 - EduRAG - INFO - 开始预处理文本
2025-08-01 18:06:03,562 - EduRAG - INFO - 开始预处理文本
2025-08-01 18:06:03,562 - EduRAG - INFO - 开始预处理文本
2025-08-01 18:06:03,562 - EduRAG - INFO - 开始预处理文本
2025-08-01 18:06:03,562 - EduRAG - INFO - 开始预处理文本
2025-08-01 18:06:03,562 - EduRAG - INFO - 开始预处理文本
2025-08-01 18:06:03,562 - EduRAG - INFO - 开始预处理文本
2025-08-01 18:06:03,562 - EduRAG - INFO - 开始预处理文本
2025-08-01 18:06:03,562 - EduRAG - INFO - 开始预处理文本
2025-08-01 18:06:03,562 - EduRAG - INFO - 开始预处理文本
2025-08-01 18:06:03,562 - EduRAG - INFO - 开始预处理文本
2025-08-01 18:06:03,562 - EduRAG - INFO - 开始预处理文本
2025-08-01 18:06:03,562 - EduRAG - INFO - 开始预处理文本
2025-08-01 18:06:03,562 - EduRAG - INFO - 开始预处理文本
2025-08-01 18:06:03,562 - EduRAG - INFO - 开始预处理文本
2025-08-01 18:06:03,563 - EduRAG - INFO - 开始预处理文本
2025-08-01 18:06:03,563 - EduRAG - INFO - 开始预处理文本
2025-08-01 18:06:03,563 - EduRAG - INFO - 开始预处理文本
2025-08-01 18:06:03,563 - EduRAG - INFO - 开始预处理文本
2025-08-01 18:06:03,563 - EduRAG - INFO - 开始预处理文本
2025-08-01 18:06:03,563 - EduRAG - INFO - 开始预处理文本
2025-08-01 18:06:03,563 - EduRAG - INFO - 开始预处理文本
2025-08-01 18:06:03,563 - EduRAG - INFO - 开始预处理文本
2025-08-01 18:06:03,563 - EduRAG - INFO - 开始预处理文本
2025-08-01 18:06:03,563 - EduRAG - INFO - 开始预处理文本
2025-08-01 18:06:03,563 - EduRAG - INFO - 开始预处理文本
2025-08-01 18:06:03,563 - EduRAG - INFO - 开始预处理文本
2025-08-01 18:06:03,563 - EduRAG - INFO - 开始预处理文本
2025-08-01 18:06:03,563 - EduRAG - INFO - 开始预处理文本
2025-08-01 18:06:03,563 - EduRAG - INFO - 开始预处理文本
2025-08-01 18:06:03,563 - EduRAG - INFO - 开始预处理文本
2025-08-01 18:06:03,563 - EduRAG - INFO - 开始预处理文本
2025-08-01 18:06:03,563 - EduRAG - INFO - 开始预处理文本
2025-08-01 18:06:03,563 - EduRAG - INFO - 开始预处理文本
2025-08-01 18:06:03,563 - EduRAG - INFO - 开始预处理文本
2025-08-01 18:06:03,564 - EduRAG - INFO - 开始预处理文本
2025-08-01 18:06:03,564 - EduRAG - INFO - 开始预处理文本
2025-08-01 18:06:03,564 - EduRAG - INFO - 开始预处理文本
2025-08-01 18:06:03,564 - EduRAG - INFO - 开始预处理文本
2025-08-01 18:06:03,564 - EduRAG - INFO - 开始预处理文本
2025-08-01 18:06:03,564 - EduRAG - INFO - 开始预处理文本
2025-08-01 18:06:03,564 - EduRAG - INFO - 开始预处理文本
2025-08-01 18:06:03,564 - EduRAG - INFO - 开始预处理文本
2025-08-01 18:06:03,564 - EduRAG - INFO - 开始预处理文本
2025-08-01 18:06:03,564 - EduRAG - INFO - 开始预处理文本
2025-08-01 18:06:03,564 - EduRAG - INFO - 开始预处理文本
2025-08-01 18:06:03,564 - EduRAG - INFO - 开始预处理文本
2025-08-01 18:06:03,564 - EduRAG - INFO - 开始预处理文本
2025-08-01 18:06:03,564 - EduRAG - INFO - 开始预处理文本
2025-08-01 18:06:03,564 - EduRAG - INFO - 开始预处理文本
2025-08-01 18:06:03,564 - EduRAG - INFO - 开始预处理文本
2025-08-01 18:06:03,564 - EduRAG - INFO - 开始预处理文本
2025-08-01 18:06:03,565 - EduRAG - INFO - 开始预处理文本
2025-08-01 18:06:03,565 - EduRAG - INFO - 开始预处理文本
2025-08-01 18:06:03,565 - EduRAG - INFO - 开始预处理文本
2025-08-01 18:06:03,565 - EduRAG - INFO - 开始预处理文本
2025-08-01 18:06:03,565 - EduRAG - INFO - 开始预处理文本
2025-08-01 18:06:03,565 - EduRAG - INFO - 开始预处理文本
2025-08-01 18:06:03,565 - EduRAG - INFO - 开始预处理文本
2025-08-01 18:06:03,565 - EduRAG - INFO - 开始预处理文本
2025-08-01 18:06:03,565 - EduRAG - INFO - 开始预处理文本
2025-08-01 18:06:03,565 - EduRAG - INFO - 开始预处理文本
2025-08-01 18:06:03,565 - EduRAG - INFO - 开始预处理文本
2025-08-01 18:06:03,565 - EduRAG - INFO - 开始预处理文本
2025-08-01 18:06:03,565 - EduRAG - INFO - 开始预处理文本
2025-08-01 18:06:03,565 - EduRAG - INFO - 开始预处理文本
2025-08-01 18:06:03,566 - EduRAG - INFO - 开始预处理文本
2025-08-01 18:06:03,566 - EduRAG - INFO - 开始预处理文本
2025-08-01 18:06:03,566 - EduRAG - INFO - 开始预处理文本
2025-08-01 18:06:03,566 - EduRAG - INFO - 开始预处理文本
2025-08-01 18:06:03,566 - EduRAG - INFO - 开始预处理文本
2025-08-01 18:06:03,566 - EduRAG - INFO - 开始预处理文本
2025-08-01 18:06:03,566 - EduRAG - INFO - 开始预处理文本
2025-08-01 18:06:03,566 - EduRAG - INFO - 开始预处理文本
2025-08-01 18:06:03,566 - EduRAG - INFO - 开始预处理文本
2025-08-01 18:06:03,566 - EduRAG - INFO - 开始预处理文本
2025-08-01 18:06:03,566 - EduRAG - INFO - 开始预处理文本
2025-08-01 18:06:03,567 - EduRAG - INFO - 开始预处理文本
2025-08-01 18:06:03,567 - EduRAG - INFO - 开始预处理文本
2025-08-01 18:06:03,567 - EduRAG - INFO - 开始预处理文本
2025-08-01 18:06:03,567 - EduRAG - INFO - 开始预处理文本
2025-08-01 18:06:03,567 - EduRAG - INFO - 开始预处理文本
2025-08-01 18:06:03,567 - EduRAG - INFO - 开始预处理文本
2025-08-01 18:06:03,567 - EduRAG - INFO - 开始预处理文本
2025-08-01 18:06:03,567 - EduRAG - INFO - 开始预处理文本
2025-08-01 18:06:03,567 - EduRAG - INFO - 开始预处理文本
2025-08-01 18:06:03,567 - EduRAG - INFO - 开始预处理文本
2025-08-01 18:06:03,567 - EduRAG - INFO - 开始预处理文本
2025-08-01 18:06:03,568 - EduRAG - INFO - 开始预处理文本
2025-08-01 18:06:03,568 - EduRAG - INFO - 开始预处理文本
2025-08-01 18:06:03,568 - EduRAG - INFO - 开始预处理文本
2025-08-01 18:06:03,568 - EduRAG - INFO - 开始预处理文本
2025-08-01 18:06:03,568 - EduRAG - INFO - 开始预处理文本
2025-08-01 18:06:03,568 - EduRAG - INFO - 开始预处理文本
2025-08-01 18:06:03,568 - EduRAG - INFO - 开始预处理文本
2025-08-01 18:06:03,568 - EduRAG - INFO - 开始预处理文本
2025-08-01 18:06:03,568 - EduRAG - INFO - 开始预处理文本
2025-08-01 18:06:03,568 - EduRAG - INFO - 开始预处理文本
2025-08-01 18:06:03,568 - EduRAG - INFO - 开始预处理文本
2025-08-01 18:06:03,568 - EduRAG - INFO - 开始预处理文本
2025-08-01 18:06:03,568 - EduRAG - INFO - 开始预处理文本
2025-08-01 18:06:03,569 - EduRAG - INFO - 开始预处理文本
2025-08-01 18:06:03,569 - EduRAG - INFO - 开始预处理文本
2025-08-01 18:06:03,569 - EduRAG - INFO - 开始预处理文本
2025-08-01 18:06:03,569 - EduRAG - INFO - 开始预处理文本
2025-08-01 18:06:03,569 - EduRAG - INFO - 开始预处理文本
2025-08-01 18:06:03,569 - EduRAG - INFO - 开始预处理文本
2025-08-01 18:06:03,569 - EduRAG - INFO - 开始预处理文本
2025-08-01 18:06:03,569 - EduRAG - INFO - 开始预处理文本
2025-08-01 18:06:03,569 - EduRAG - INFO - 开始预处理文本
2025-08-01 18:06:03,569 - EduRAG - INFO - 开始预处理文本
2025-08-01 18:06:03,569 - EduRAG - INFO - 开始预处理文本
2025-08-01 18:06:03,569 - EduRAG - INFO - 开始预处理文本
2025-08-01 18:06:03,569 - EduRAG - INFO - 开始预处理文本
2025-08-01 18:06:03,569 - EduRAG - INFO - 开始预处理文本
2025-08-01 18:06:03,569 - EduRAG - INFO - 开始预处理文本
2025-08-01 18:06:03,569 - EduRAG - INFO - 开始预处理文本
2025-08-01 18:06:03,569 - EduRAG - INFO - 开始预处理文本
2025-08-01 18:06:03,569 - EduRAG - INFO - 开始预处理文本
2025-08-01 18:06:03,569 - EduRAG - INFO - 开始预处理文本
2025-08-01 18:06:03,570 - EduRAG - INFO - 开始预处理文本
2025-08-01 18:06:03,570 - EduRAG - INFO - 开始预处理文本
2025-08-01 18:06:03,570 - EduRAG - INFO - 开始预处理文本
2025-08-01 18:06:03,570 - EduRAG - INFO - 开始预处理文本
2025-08-01 18:06:03,570 - EduRAG - INFO - 开始预处理文本
2025-08-01 18:06:03,570 - EduRAG - INFO - 开始预处理文本
2025-08-01 18:06:03,570 - EduRAG - INFO - 开始预处理文本
2025-08-01 18:06:03,570 - EduRAG - INFO - 开始预处理文本
2025-08-01 18:06:03,570 - EduRAG - INFO - 开始预处理文本
2025-08-01 18:06:03,570 - EduRAG - INFO - 开始预处理文本
2025-08-01 18:06:03,570 - EduRAG - INFO - 开始预处理文本
2025-08-01 18:06:03,570 - EduRAG - INFO - 开始预处理文本
2025-08-01 18:06:03,570 - EduRAG - INFO - 开始预处理文本
2025-08-01 18:06:03,570 - EduRAG - INFO - 开始预处理文本
2025-08-01 18:06:03,570 - EduRAG - INFO - 开始预处理文本
2025-08-01 18:06:03,570 - EduRAG - INFO - 开始预处理文本
2025-08-01 18:06:03,570 - EduRAG - INFO - 开始预处理文本
2025-08-01 18:06:03,570 - EduRAG - INFO - 开始预处理文本
2025-08-01 18:06:03,570 - EduRAG - INFO - 开始预处理文本
2025-08-01 18:06:03,570 - EduRAG - INFO - 开始预处理文本
2025-08-01 18:06:03,570 - EduRAG - INFO - 开始预处理文本
2025-08-01 18:06:03,570 - EduRAG - INFO - 开始预处理文本
2025-08-01 18:06:03,570 - EduRAG - INFO - 开始预处理文本
2025-08-01 18:06:03,571 - EduRAG - INFO - 开始预处理文本
2025-08-01 18:06:03,571 - EduRAG - INFO - 开始预处理文本
2025-08-01 18:06:03,571 - EduRAG - INFO - 开始预处理文本
2025-08-01 18:06:03,571 - EduRAG - INFO - 开始预处理文本
2025-08-01 18:06:03,571 - EduRAG - INFO - 开始预处理文本
2025-08-01 18:06:03,571 - EduRAG - INFO - 开始预处理文本
2025-08-01 18:06:03,571 - EduRAG - INFO - 开始预处理文本
2025-08-01 18:06:03,571 - EduRAG - INFO - 开始预处理文本
2025-08-01 18:06:03,571 - EduRAG - INFO - 开始预处理文本
2025-08-01 18:06:03,571 - EduRAG - INFO - 开始预处理文本
2025-08-01 18:06:03,572 - EduRAG - INFO - 开始预处理文本
2025-08-01 18:06:03,572 - EduRAG - INFO - 开始预处理文本
2025-08-01 18:06:03,572 - EduRAG - INFO - 开始预处理文本
2025-08-01 18:06:03,572 - EduRAG - INFO - 开始预处理文本
2025-08-01 18:06:03,572 - EduRAG - INFO - 开始预处理文本
2025-08-01 18:06:03,572 - EduRAG - INFO - 开始预处理文本
2025-08-01 18:06:03,572 - EduRAG - INFO - 开始预处理文本
2025-08-01 18:06:03,572 - EduRAG - INFO - 开始预处理文本
2025-08-01 18:06:03,572 - EduRAG - INFO - 开始预处理文本
2025-08-01 18:06:03,572 - EduRAG - INFO - 开始预处理文本
2025-08-01 18:06:03,572 - EduRAG - INFO - 开始预处理文本
2025-08-01 18:06:03,572 - EduRAG - INFO - 开始预处理文本
2025-08-01 18:06:03,572 - EduRAG - INFO - 开始预处理文本
2025-08-01 18:06:03,572 - EduRAG - INFO - 开始预处理文本
2025-08-01 18:06:03,572 - EduRAG - INFO - 开始预处理文本
2025-08-01 18:06:03,572 - EduRAG - INFO - 开始预处理文本
2025-08-01 18:06:03,572 - EduRAG - INFO - 开始预处理文本
2025-08-01 18:06:03,572 - EduRAG - INFO - 开始预处理文本
2025-08-01 18:06:03,572 - EduRAG - INFO - 开始预处理文本
2025-08-01 18:06:03,572 - EduRAG - INFO - 开始预处理文本
2025-08-01 18:06:03,572 - EduRAG - INFO - 开始预处理文本
2025-08-01 18:06:03,572 - EduRAG - INFO - 开始预处理文本
2025-08-01 18:06:03,573 - EduRAG - INFO - 开始预处理文本
2025-08-01 18:06:03,573 - EduRAG - INFO - 开始预处理文本
2025-08-01 18:06:03,573 - EduRAG - INFO - 开始预处理文本
2025-08-01 18:06:03,573 - EduRAG - INFO - 开始预处理文本
2025-08-01 18:06:03,573 - EduRAG - INFO - 开始预处理文本
2025-08-01 18:06:03,573 - EduRAG - INFO - 开始预处理文本
2025-08-01 18:06:03,573 - EduRAG - INFO - 开始预处理文本
2025-08-01 18:06:03,573 - EduRAG - INFO - 开始预处理文本
2025-08-01 18:06:03,573 - EduRAG - INFO - 开始预处理文本
2025-08-01 18:06:03,573 - EduRAG - INFO - 开始预处理文本
2025-08-01 18:06:03,573 - EduRAG - INFO - 开始预处理文本
2025-08-01 18:06:03,573 - EduRAG - INFO - 开始预处理文本
2025-08-01 18:06:03,573 - EduRAG - INFO - 开始预处理文本
2025-08-01 18:06:03,573 - EduRAG - INFO - 开始预处理文本
2025-08-01 18:06:03,573 - EduRAG - INFO - 开始预处理文本
2025-08-01 18:06:03,574 - EduRAG - INFO - 开始预处理文本
2025-08-01 18:06:03,574 - EduRAG - INFO - 开始预处理文本
2025-08-01 18:06:03,574 - EduRAG - INFO - 开始预处理文本
2025-08-01 18:06:03,574 - EduRAG - INFO - 开始预处理文本
2025-08-01 18:06:03,574 - EduRAG - INFO - 开始预处理文本
2025-08-01 18:06:03,574 - EduRAG - INFO - 开始预处理文本
2025-08-01 18:06:03,574 - EduRAG - INFO - 开始预处理文本
2025-08-01 18:06:03,574 - EduRAG - INFO - 开始预处理文本
2025-08-01 18:06:03,574 - EduRAG - INFO - 开始预处理文本
2025-08-01 18:06:03,574 - EduRAG - INFO - 开始预处理文本
2025-08-01 18:06:03,574 - EduRAG - INFO - 开始预处理文本
2025-08-01 18:06:03,574 - EduRAG - INFO - 开始预处理文本
2025-08-01 18:06:03,574 - EduRAG - INFO - 开始预处理文本
2025-08-01 18:06:03,574 - EduRAG - INFO - 开始预处理文本
2025-08-01 18:06:03,574 - EduRAG - INFO - 开始预处理文本
2025-08-01 18:06:03,574 - EduRAG - INFO - 开始预处理文本
2025-08-01 18:06:03,574 - EduRAG - INFO - 开始预处理文本
2025-08-01 18:06:03,574 - EduRAG - INFO - 开始预处理文本
2025-08-01 18:06:03,574 - EduRAG - INFO - 开始预处理文本
2025-08-01 18:06:03,574 - EduRAG - INFO - 开始预处理文本
2025-08-01 18:06:03,574 - EduRAG - INFO - 开始预处理文本
2025-08-01 18:06:03,575 - EduRAG - INFO - 开始预处理文本
2025-08-01 18:06:03,575 - EduRAG - INFO - 开始预处理文本
2025-08-01 18:06:03,575 - EduRAG - INFO - 开始预处理文本
2025-08-01 18:06:03,575 - EduRAG - INFO - 开始预处理文本
2025-08-01 18:06:20,132 - EduRAG - INFO - Redis 连接成功
2025-08-01 18:06:20,144 - EduRAG - INFO - MySQL 连接成功
2025-08-01 18:06:20,153 - EduRAG - INFO - 成功获取问题
2025-08-01 18:06:20,153 - EduRAG - INFO - 开始预处理文本
2025-08-01 18:06:20,738 - EduRAG - INFO - 开始预处理文本
2025-08-01 18:06:20,738 - EduRAG - INFO - 开始预处理文本
2025-08-01 18:06:20,739 - EduRAG - INFO - 开始预处理文本
2025-08-01 18:06:20,739 - EduRAG - INFO - 开始预处理文本
2025-08-01 18:06:20,739 - EduRAG - INFO - 开始预处理文本
2025-08-01 18:06:20,739 - EduRAG - INFO - 开始预处理文本
2025-08-01 18:06:20,739 - EduRAG - INFO - 开始预处理文本
2025-08-01 18:06:20,739 - EduRAG - INFO - 开始预处理文本
2025-08-01 18:06:20,740 - EduRAG - INFO - 开始预处理文本
2025-08-01 18:06:20,740 - EduRAG - INFO - 开始预处理文本
2025-08-01 18:06:20,740 - EduRAG - INFO - 开始预处理文本
2025-08-01 18:06:20,740 - EduRAG - INFO - 开始预处理文本
2025-08-01 18:06:20,740 - EduRAG - INFO - 开始预处理文本
2025-08-01 18:06:20,740 - EduRAG - INFO - 开始预处理文本
2025-08-01 18:06:20,740 - EduRAG - INFO - 开始预处理文本
2025-08-01 18:06:20,740 - EduRAG - INFO - 开始预处理文本
2025-08-01 18:06:20,740 - EduRAG - INFO - 开始预处理文本
2025-08-01 18:06:20,740 - EduRAG - INFO - 开始预处理文本
2025-08-01 18:06:20,740 - EduRAG - INFO - 开始预处理文本
2025-08-01 18:06:20,740 - EduRAG - INFO - 开始预处理文本
2025-08-01 18:06:20,740 - EduRAG - INFO - 开始预处理文本
2025-08-01 18:06:20,740 - EduRAG - INFO - 开始预处理文本
2025-08-01 18:06:20,741 - EduRAG - INFO - 开始预处理文本
2025-08-01 18:06:20,741 - EduRAG - INFO - 开始预处理文本
2025-08-01 18:06:20,741 - EduRAG - INFO - 开始预处理文本
2025-08-01 18:06:20,741 - EduRAG - INFO - 开始预处理文本
2025-08-01 18:06:20,741 - EduRAG - INFO - 开始预处理文本
2025-08-01 18:06:20,741 - EduRAG - INFO - 开始预处理文本
2025-08-01 18:06:20,741 - EduRAG - INFO - 开始预处理文本
2025-08-01 18:06:20,741 - EduRAG - INFO - 开始预处理文本
2025-08-01 18:06:20,741 - EduRAG - INFO - 开始预处理文本
2025-08-01 18:06:20,741 - EduRAG - INFO - 开始预处理文本
2025-08-01 18:06:20,741 - EduRAG - INFO - 开始预处理文本
2025-08-01 18:06:20,741 - EduRAG - INFO - 开始预处理文本
2025-08-01 18:06:20,741 - EduRAG - INFO - 开始预处理文本
2025-08-01 18:06:20,741 - EduRAG - INFO - 开始预处理文本
2025-08-01 18:06:20,742 - EduRAG - INFO - 开始预处理文本
2025-08-01 18:06:20,742 - EduRAG - INFO - 开始预处理文本
2025-08-01 18:06:20,742 - EduRAG - INFO - 开始预处理文本
2025-08-01 18:06:20,742 - EduRAG - INFO - 开始预处理文本
2025-08-01 18:06:20,742 - EduRAG - INFO - 开始预处理文本
2025-08-01 18:06:20,742 - EduRAG - INFO - 开始预处理文本
2025-08-01 18:06:20,742 - EduRAG - INFO - 开始预处理文本
2025-08-01 18:06:20,742 - EduRAG - INFO - 开始预处理文本
2025-08-01 18:06:20,742 - EduRAG - INFO - 开始预处理文本
2025-08-01 18:06:20,742 - EduRAG - INFO - 开始预处理文本
2025-08-01 18:06:20,742 - EduRAG - INFO - 开始预处理文本
2025-08-01 18:06:20,742 - EduRAG - INFO - 开始预处理文本
2025-08-01 18:06:20,743 - EduRAG - INFO - 开始预处理文本
2025-08-01 18:06:20,743 - EduRAG - INFO - 开始预处理文本
2025-08-01 18:06:20,743 - EduRAG - INFO - 开始预处理文本
2025-08-01 18:06:20,743 - EduRAG - INFO - 开始预处理文本
2025-08-01 18:06:20,743 - EduRAG - INFO - 开始预处理文本
2025-08-01 18:06:20,743 - EduRAG - INFO - 开始预处理文本
2025-08-01 18:06:20,743 - EduRAG - INFO - 开始预处理文本
2025-08-01 18:06:20,743 - EduRAG - INFO - 开始预处理文本
2025-08-01 18:06:20,743 - EduRAG - INFO - 开始预处理文本
2025-08-01 18:06:20,743 - EduRAG - INFO - 开始预处理文本
2025-08-01 18:06:20,743 - EduRAG - INFO - 开始预处理文本
2025-08-01 18:06:20,743 - EduRAG - INFO - 开始预处理文本
2025-08-01 18:06:20,743 - EduRAG - INFO - 开始预处理文本
2025-08-01 18:06:20,743 - EduRAG - INFO - 开始预处理文本
2025-08-01 18:06:20,743 - EduRAG - INFO - 开始预处理文本
2025-08-01 18:06:20,743 - EduRAG - INFO - 开始预处理文本
2025-08-01 18:06:20,744 - EduRAG - INFO - 开始预处理文本
2025-08-01 18:06:20,744 - EduRAG - INFO - 开始预处理文本
2025-08-01 18:06:20,744 - EduRAG - INFO - 开始预处理文本
2025-08-01 18:06:20,744 - EduRAG - INFO - 开始预处理文本
2025-08-01 18:06:20,744 - EduRAG - INFO - 开始预处理文本
2025-08-01 18:06:20,744 - EduRAG - INFO - 开始预处理文本
2025-08-01 18:06:20,744 - EduRAG - INFO - 开始预处理文本
2025-08-01 18:06:20,744 - EduRAG - INFO - 开始预处理文本
2025-08-01 18:06:20,744 - EduRAG - INFO - 开始预处理文本
2025-08-01 18:06:20,745 - EduRAG - INFO - 开始预处理文本
2025-08-01 18:06:20,745 - EduRAG - INFO - 开始预处理文本
2025-08-01 18:06:20,745 - EduRAG - INFO - 开始预处理文本
2025-08-01 18:06:20,746 - EduRAG - INFO - 开始预处理文本
2025-08-01 18:06:20,746 - EduRAG - INFO - 开始预处理文本
2025-08-01 18:06:20,746 - EduRAG - INFO - 开始预处理文本
2025-08-01 18:06:20,746 - EduRAG - INFO - 开始预处理文本
2025-08-01 18:06:20,746 - EduRAG - INFO - 开始预处理文本
2025-08-01 18:06:20,746 - EduRAG - INFO - 开始预处理文本
2025-08-01 18:06:20,746 - EduRAG - INFO - 开始预处理文本
2025-08-01 18:06:20,746 - EduRAG - INFO - 开始预处理文本
2025-08-01 18:06:20,746 - EduRAG - INFO - 开始预处理文本
2025-08-01 18:06:20,746 - EduRAG - INFO - 开始预处理文本
2025-08-01 18:06:20,746 - EduRAG - INFO - 开始预处理文本
2025-08-01 18:06:20,746 - EduRAG - INFO - 开始预处理文本
2025-08-01 18:06:20,747 - EduRAG - INFO - 开始预处理文本
2025-08-01 18:06:20,747 - EduRAG - INFO - 开始预处理文本
2025-08-01 18:06:20,747 - EduRAG - INFO - 开始预处理文本
2025-08-01 18:06:20,747 - EduRAG - INFO - 开始预处理文本
2025-08-01 18:06:20,747 - EduRAG - INFO - 开始预处理文本
2025-08-01 18:06:20,747 - EduRAG - INFO - 开始预处理文本
2025-08-01 18:06:20,747 - EduRAG - INFO - 开始预处理文本
2025-08-01 18:06:20,747 - EduRAG - INFO - 开始预处理文本
2025-08-01 18:06:20,747 - EduRAG - INFO - 开始预处理文本
2025-08-01 18:06:20,747 - EduRAG - INFO - 开始预处理文本
2025-08-01 18:06:20,747 - EduRAG - INFO - 开始预处理文本
2025-08-01 18:06:20,747 - EduRAG - INFO - 开始预处理文本
2025-08-01 18:06:20,747 - EduRAG - INFO - 开始预处理文本
2025-08-01 18:06:20,747 - EduRAG - INFO - 开始预处理文本
2025-08-01 18:06:20,747 - EduRAG - INFO - 开始预处理文本
2025-08-01 18:06:20,747 - EduRAG - INFO - 开始预处理文本
2025-08-01 18:06:20,748 - EduRAG - INFO - 开始预处理文本
2025-08-01 18:06:20,748 - EduRAG - INFO - 开始预处理文本
2025-08-01 18:06:20,748 - EduRAG - INFO - 开始预处理文本
2025-08-01 18:06:20,748 - EduRAG - INFO - 开始预处理文本
2025-08-01 18:06:20,748 - EduRAG - INFO - 开始预处理文本
2025-08-01 18:06:20,748 - EduRAG - INFO - 开始预处理文本
2025-08-01 18:06:20,748 - EduRAG - INFO - 开始预处理文本
2025-08-01 18:06:20,748 - EduRAG - INFO - 开始预处理文本
2025-08-01 18:06:20,748 - EduRAG - INFO - 开始预处理文本
2025-08-01 18:06:20,748 - EduRAG - INFO - 开始预处理文本
2025-08-01 18:06:20,748 - EduRAG - INFO - 开始预处理文本
2025-08-01 18:06:20,748 - EduRAG - INFO - 开始预处理文本
2025-08-01 18:06:20,748 - EduRAG - INFO - 开始预处理文本
2025-08-01 18:06:20,748 - EduRAG - INFO - 开始预处理文本
2025-08-01 18:06:20,748 - EduRAG - INFO - 开始预处理文本
2025-08-01 18:06:20,748 - EduRAG - INFO - 开始预处理文本
2025-08-01 18:06:20,748 - EduRAG - INFO - 开始预处理文本
2025-08-01 18:06:20,749 - EduRAG - INFO - 开始预处理文本
2025-08-01 18:06:20,749 - EduRAG - INFO - 开始预处理文本
2025-08-01 18:06:20,749 - EduRAG - INFO - 开始预处理文本
2025-08-01 18:06:20,749 - EduRAG - INFO - 开始预处理文本
2025-08-01 18:06:20,750 - EduRAG - INFO - 开始预处理文本
2025-08-01 18:06:20,750 - EduRAG - INFO - 开始预处理文本
2025-08-01 18:06:20,750 - EduRAG - INFO - 开始预处理文本
2025-08-01 18:06:20,751 - EduRAG - INFO - 开始预处理文本
2025-08-01 18:06:20,751 - EduRAG - INFO - 开始预处理文本
2025-08-01 18:06:20,751 - EduRAG - INFO - 开始预处理文本
2025-08-01 18:06:20,751 - EduRAG - INFO - 开始预处理文本
2025-08-01 18:06:20,751 - EduRAG - INFO - 开始预处理文本
2025-08-01 18:06:20,752 - EduRAG - INFO - 开始预处理文本
2025-08-01 18:06:20,754 - EduRAG - INFO - 开始预处理文本
2025-08-01 18:06:20,755 - EduRAG - INFO - 开始预处理文本
2025-08-01 18:06:20,755 - EduRAG - INFO - 开始预处理文本
2025-08-01 18:06:20,756 - EduRAG - INFO - 开始预处理文本
2025-08-01 18:06:20,756 - EduRAG - INFO - 开始预处理文本
2025-08-01 18:06:20,756 - EduRAG - INFO - 开始预处理文本
2025-08-01 18:06:20,756 - EduRAG - INFO - 开始预处理文本
2025-08-01 18:06:20,756 - EduRAG - INFO - 开始预处理文本
2025-08-01 18:06:20,756 - EduRAG - INFO - 开始预处理文本
2025-08-01 18:06:20,756 - EduRAG - INFO - 开始预处理文本
2025-08-01 18:06:20,756 - EduRAG - INFO - 开始预处理文本
2025-08-01 18:06:20,756 - EduRAG - INFO - 开始预处理文本
2025-08-01 18:06:20,756 - EduRAG - INFO - 开始预处理文本
2025-08-01 18:06:20,756 - EduRAG - INFO - 开始预处理文本
2025-08-01 18:06:20,756 - EduRAG - INFO - 开始预处理文本
2025-08-01 18:06:20,756 - EduRAG - INFO - 开始预处理文本
2025-08-01 18:06:20,756 - EduRAG - INFO - 开始预处理文本
2025-08-01 18:06:20,757 - EduRAG - INFO - 开始预处理文本
2025-08-01 18:06:20,757 - EduRAG - INFO - 开始预处理文本
2025-08-01 18:06:20,757 - EduRAG - INFO - 开始预处理文本
2025-08-01 18:06:20,757 - EduRAG - INFO - 开始预处理文本
2025-08-01 18:06:20,757 - EduRAG - INFO - 开始预处理文本
2025-08-01 18:06:20,757 - EduRAG - INFO - 开始预处理文本
2025-08-01 18:06:20,757 - EduRAG - INFO - 开始预处理文本
2025-08-01 18:06:20,757 - EduRAG - INFO - 开始预处理文本
2025-08-01 18:06:20,757 - EduRAG - INFO - 开始预处理文本
2025-08-01 18:06:20,757 - EduRAG - INFO - 开始预处理文本
2025-08-01 18:06:20,757 - EduRAG - INFO - 开始预处理文本
2025-08-01 18:06:20,757 - EduRAG - INFO - 开始预处理文本
2025-08-01 18:06:20,757 - EduRAG - INFO - 开始预处理文本
2025-08-01 18:06:20,757 - EduRAG - INFO - 开始预处理文本
2025-08-01 18:06:20,757 - EduRAG - INFO - 开始预处理文本
2025-08-01 18:06:20,757 - EduRAG - INFO - 开始预处理文本
2025-08-01 18:06:20,757 - EduRAG - INFO - 开始预处理文本
2025-08-01 18:06:20,757 - EduRAG - INFO - 开始预处理文本
2025-08-01 18:06:20,757 - EduRAG - INFO - 开始预处理文本
2025-08-01 18:06:20,757 - EduRAG - INFO - 开始预处理文本
2025-08-01 18:06:20,757 - EduRAG - INFO - 开始预处理文本
2025-08-01 18:06:20,758 - EduRAG - INFO - 开始预处理文本
2025-08-01 18:06:20,758 - EduRAG - INFO - 开始预处理文本
2025-08-01 18:06:20,758 - EduRAG - INFO - 开始预处理文本
2025-08-01 18:06:20,758 - EduRAG - INFO - 开始预处理文本
2025-08-01 18:06:20,758 - EduRAG - INFO - 开始预处理文本
2025-08-01 18:06:20,758 - EduRAG - INFO - 开始预处理文本
2025-08-01 18:06:20,758 - EduRAG - INFO - 开始预处理文本
2025-08-01 18:06:20,758 - EduRAG - INFO - 开始预处理文本
2025-08-01 18:06:20,758 - EduRAG - INFO - 开始预处理文本
2025-08-01 18:06:20,758 - EduRAG - INFO - 开始预处理文本
2025-08-01 18:06:20,758 - EduRAG - INFO - 开始预处理文本
2025-08-01 18:06:20,758 - EduRAG - INFO - 开始预处理文本
2025-08-01 18:06:20,758 - EduRAG - INFO - 开始预处理文本
2025-08-01 18:06:20,758 - EduRAG - INFO - 开始预处理文本
2025-08-01 18:06:20,758 - EduRAG - INFO - 开始预处理文本
2025-08-01 18:06:20,758 - EduRAG - INFO - 开始预处理文本
2025-08-01 18:06:20,758 - EduRAG - INFO - 开始预处理文本
2025-08-01 18:06:20,758 - EduRAG - INFO - 开始预处理文本
2025-08-01 18:06:20,758 - EduRAG - INFO - 开始预处理文本
2025-08-01 18:06:20,758 - EduRAG - INFO - 开始预处理文本
2025-08-01 18:06:20,758 - EduRAG - INFO - 开始预处理文本
2025-08-01 18:06:20,758 - EduRAG - INFO - 开始预处理文本
2025-08-01 18:06:20,759 - EduRAG - INFO - 开始预处理文本
2025-08-01 18:06:20,759 - EduRAG - INFO - 开始预处理文本
2025-08-01 18:06:20,759 - EduRAG - INFO - 开始预处理文本
2025-08-01 18:06:20,759 - EduRAG - INFO - 开始预处理文本
2025-08-01 18:06:20,759 - EduRAG - INFO - 开始预处理文本
2025-08-01 18:06:20,759 - EduRAG - INFO - 开始预处理文本
2025-08-01 18:06:20,759 - EduRAG - INFO - 开始预处理文本
2025-08-01 18:06:20,759 - EduRAG - INFO - 开始预处理文本
2025-08-01 18:06:20,759 - EduRAG - INFO - 开始预处理文本
2025-08-01 18:06:20,759 - EduRAG - INFO - 开始预处理文本
2025-08-01 18:06:20,759 - EduRAG - INFO - 开始预处理文本
2025-08-01 18:06:20,759 - EduRAG - INFO - 开始预处理文本
2025-08-01 18:06:20,759 - EduRAG - INFO - 开始预处理文本
2025-08-01 18:06:20,759 - EduRAG - INFO - 开始预处理文本
2025-08-01 18:06:20,759 - EduRAG - INFO - 开始预处理文本
2025-08-01 18:06:20,759 - EduRAG - INFO - 开始预处理文本
2025-08-01 18:06:20,759 - EduRAG - INFO - 开始预处理文本
2025-08-01 18:06:20,759 - EduRAG - INFO - 开始预处理文本
2025-08-01 18:06:20,759 - EduRAG - INFO - 开始预处理文本
2025-08-01 18:06:20,759 - EduRAG - INFO - 开始预处理文本
2025-08-01 18:06:20,759 - EduRAG - INFO - 开始预处理文本
2025-08-01 18:06:20,760 - EduRAG - INFO - 开始预处理文本
2025-08-01 18:06:20,760 - EduRAG - INFO - 开始预处理文本
2025-08-01 18:06:20,760 - EduRAG - INFO - 开始预处理文本
2025-08-01 18:06:20,760 - EduRAG - INFO - 开始预处理文本
2025-08-01 18:06:20,760 - EduRAG - INFO - 开始预处理文本
2025-08-01 18:06:20,760 - EduRAG - INFO - 开始预处理文本
2025-08-01 18:06:20,760 - EduRAG - INFO - 开始预处理文本
2025-08-01 18:06:20,760 - EduRAG - INFO - 开始预处理文本
2025-08-01 18:06:20,760 - EduRAG - INFO - 开始预处理文本
2025-08-01 18:06:20,760 - EduRAG - INFO - 开始预处理文本
2025-08-01 18:06:20,760 - EduRAG - INFO - 开始预处理文本
2025-08-01 18:06:20,760 - EduRAG - INFO - 开始预处理文本
2025-08-01 18:06:20,760 - EduRAG - INFO - 开始预处理文本
2025-08-01 18:06:20,760 - EduRAG - INFO - 开始预处理文本
2025-08-01 18:06:20,760 - EduRAG - INFO - 开始预处理文本
2025-08-01 18:06:20,760 - EduRAG - INFO - 开始预处理文本
2025-08-01 18:06:20,760 - EduRAG - INFO - 开始预处理文本
2025-08-01 18:06:20,760 - EduRAG - INFO - 开始预处理文本
2025-08-01 18:06:20,760 - EduRAG - INFO - 开始预处理文本
2025-08-01 18:06:20,760 - EduRAG - INFO - 开始预处理文本
2025-08-01 18:06:20,760 - EduRAG - INFO - 开始预处理文本
2025-08-01 18:06:20,760 - EduRAG - INFO - 开始预处理文本
2025-08-01 18:06:20,760 - EduRAG - INFO - 开始预处理文本
2025-08-01 18:06:20,761 - EduRAG - INFO - 开始预处理文本
2025-08-01 18:06:20,761 - EduRAG - INFO - 开始预处理文本
2025-08-01 18:06:20,761 - EduRAG - INFO - 开始预处理文本
2025-08-01 18:06:20,761 - EduRAG - INFO - 开始预处理文本
2025-08-01 18:06:20,761 - EduRAG - INFO - 开始预处理文本
2025-08-01 18:06:20,761 - EduRAG - INFO - 开始预处理文本
2025-08-01 18:06:20,761 - EduRAG - INFO - 开始预处理文本
2025-08-01 18:06:20,761 - EduRAG - INFO - 开始预处理文本
2025-08-01 18:06:20,761 - EduRAG - INFO - 开始预处理文本
2025-08-01 18:06:20,761 - EduRAG - INFO - 开始预处理文本
2025-08-01 18:06:20,761 - EduRAG - INFO - 开始预处理文本
2025-08-01 18:06:20,761 - EduRAG - INFO - 开始预处理文本
2025-08-01 18:06:20,761 - EduRAG - INFO - 开始预处理文本
2025-08-01 18:06:20,761 - EduRAG - INFO - 开始预处理文本
2025-08-01 18:06:20,761 - EduRAG - INFO - 开始预处理文本
2025-08-01 18:06:20,761 - EduRAG - INFO - 开始预处理文本
2025-08-01 18:06:20,761 - EduRAG - INFO - 开始预处理文本
2025-08-01 18:06:20,762 - EduRAG - INFO - 开始预处理文本
2025-08-01 18:06:20,762 - EduRAG - INFO - 开始预处理文本
2025-08-01 18:06:20,762 - EduRAG - INFO - 开始预处理文本
2025-08-01 18:06:20,762 - EduRAG - INFO - 开始预处理文本
2025-08-01 18:06:20,762 - EduRAG - INFO - 开始预处理文本
2025-08-01 18:06:20,762 - EduRAG - INFO - 开始预处理文本
2025-08-01 18:06:20,762 - EduRAG - INFO - 开始预处理文本
2025-08-01 18:06:20,762 - EduRAG - INFO - 开始预处理文本
2025-08-01 18:06:20,762 - EduRAG - INFO - 开始预处理文本
2025-08-01 18:06:20,762 - EduRAG - INFO - 开始预处理文本
2025-08-01 18:06:20,762 - EduRAG - INFO - 开始预处理文本
2025-08-01 18:06:20,762 - EduRAG - INFO - 开始预处理文本
2025-08-01 18:06:20,762 - EduRAG - INFO - 开始预处理文本
2025-08-01 18:06:20,762 - EduRAG - INFO - 开始预处理文本
2025-08-01 18:06:20,762 - EduRAG - INFO - 开始预处理文本
2025-08-01 18:06:20,762 - EduRAG - INFO - 开始预处理文本
2025-08-01 18:06:20,763 - EduRAG - INFO - 开始预处理文本
2025-08-01 18:06:20,763 - EduRAG - INFO - 开始预处理文本
2025-08-01 18:06:20,763 - EduRAG - INFO - 开始预处理文本
2025-08-01 18:06:20,763 - EduRAG - INFO - 开始预处理文本
2025-08-01 18:06:20,763 - EduRAG - INFO - 开始预处理文本
2025-08-01 18:06:20,763 - EduRAG - INFO - 开始预处理文本
2025-08-01 18:06:20,763 - EduRAG - INFO - 开始预处理文本
2025-08-01 18:06:20,763 - EduRAG - INFO - 开始预处理文本
2025-08-01 18:06:20,763 - EduRAG - INFO - 开始预处理文本
2025-08-01 18:06:20,763 - EduRAG - INFO - 开始预处理文本
2025-08-01 18:06:20,763 - EduRAG - INFO - 开始预处理文本
2025-08-01 18:06:20,764 - EduRAG - INFO - 开始预处理文本
2025-08-01 18:06:20,764 - EduRAG - INFO - 开始预处理文本
2025-08-01 18:06:20,764 - EduRAG - INFO - 开始预处理文本
2025-08-01 18:06:20,764 - EduRAG - INFO - 开始预处理文本
2025-08-01 18:06:20,764 - EduRAG - INFO - 开始预处理文本
2025-08-01 18:06:20,764 - EduRAG - INFO - 开始预处理文本
2025-08-01 18:06:20,764 - EduRAG - INFO - 开始预处理文本
2025-08-01 18:06:20,764 - EduRAG - INFO - 开始预处理文本
2025-08-01 18:06:20,764 - EduRAG - INFO - 开始预处理文本
2025-08-01 18:06:20,764 - EduRAG - INFO - 开始预处理文本
2025-08-01 18:06:20,764 - EduRAG - INFO - 开始预处理文本
2025-08-01 18:06:20,764 - EduRAG - INFO - 开始预处理文本
2025-08-01 18:06:20,764 - EduRAG - INFO - 开始预处理文本
2025-08-01 18:06:20,764 - EduRAG - INFO - 开始预处理文本
2025-08-01 18:06:20,765 - EduRAG - INFO - 开始预处理文本
2025-08-01 18:06:20,765 - EduRAG - INFO - 开始预处理文本
2025-08-01 18:06:20,765 - EduRAG - INFO - 开始预处理文本
2025-08-01 18:06:20,765 - EduRAG - INFO - 开始预处理文本
2025-08-01 18:06:20,765 - EduRAG - INFO - 开始预处理文本
2025-08-01 18:06:20,765 - EduRAG - INFO - 开始预处理文本
2025-08-01 18:06:20,765 - EduRAG - INFO - 开始预处理文本
2025-08-01 18:06:20,765 - EduRAG - INFO - 开始预处理文本
2025-08-01 18:06:20,765 - EduRAG - INFO - 开始预处理文本
2025-08-01 18:06:20,765 - EduRAG - INFO - 开始预处理文本
2025-08-01 18:06:20,765 - EduRAG - INFO - 开始预处理文本
2025-08-01 18:06:20,765 - EduRAG - INFO - 开始预处理文本
2025-08-01 18:06:20,765 - EduRAG - INFO - 开始预处理文本
2025-08-01 18:06:20,765 - EduRAG - INFO - 开始预处理文本
2025-08-01 18:06:20,765 - EduRAG - INFO - 开始预处理文本
2025-08-01 18:06:20,766 - EduRAG - INFO - 开始预处理文本
2025-08-01 18:06:20,766 - EduRAG - INFO - 开始预处理文本
2025-08-01 18:06:20,766 - EduRAG - INFO - 开始预处理文本
2025-08-01 18:06:20,766 - EduRAG - INFO - 开始预处理文本
2025-08-01 18:06:20,766 - EduRAG - INFO - 开始预处理文本
2025-08-01 18:06:20,766 - EduRAG - INFO - 开始预处理文本
2025-08-01 18:06:20,766 - EduRAG - INFO - 开始预处理文本
2025-08-01 18:06:20,766 - EduRAG - INFO - 开始预处理文本
2025-08-01 18:06:20,766 - EduRAG - INFO - 开始预处理文本
2025-08-01 18:06:20,766 - EduRAG - INFO - 开始预处理文本
2025-08-01 18:06:20,766 - EduRAG - INFO - 开始预处理文本
2025-08-01 18:06:20,766 - EduRAG - INFO - 开始预处理文本
2025-08-01 18:06:20,766 - EduRAG - INFO - 开始预处理文本
2025-08-01 18:06:20,767 - EduRAG - INFO - 开始预处理文本
2025-08-01 18:06:20,767 - EduRAG - INFO - 开始预处理文本
2025-08-01 18:06:20,767 - EduRAG - INFO - 开始预处理文本
2025-08-01 18:06:20,767 - EduRAG - INFO - 开始预处理文本
2025-08-01 18:06:20,767 - EduRAG - INFO - 开始预处理文本
2025-08-01 18:06:20,767 - EduRAG - INFO - 开始预处理文本
2025-08-01 18:06:20,767 - EduRAG - INFO - 开始预处理文本
2025-08-01 18:06:20,767 - EduRAG - INFO - 开始预处理文本
2025-08-01 18:06:20,767 - EduRAG - INFO - 开始预处理文本
2025-08-01 18:06:20,767 - EduRAG - INFO - 开始预处理文本
2025-08-01 18:06:20,768 - EduRAG - INFO - 开始预处理文本
2025-08-01 18:06:20,768 - EduRAG - INFO - 开始预处理文本
2025-08-01 18:06:20,768 - EduRAG - INFO - 开始预处理文本
2025-08-01 18:06:20,768 - EduRAG - INFO - 开始预处理文本
2025-08-01 18:06:20,768 - EduRAG - INFO - 开始预处理文本
2025-08-01 18:06:20,768 - EduRAG - INFO - 开始预处理文本
2025-08-01 18:06:20,768 - EduRAG - INFO - 开始预处理文本
2025-08-01 18:06:20,768 - EduRAG - INFO - 开始预处理文本
2025-08-01 18:06:20,768 - EduRAG - INFO - 开始预处理文本
2025-08-01 18:06:20,768 - EduRAG - INFO - 开始预处理文本
2025-08-01 18:06:20,768 - EduRAG - INFO - 开始预处理文本
2025-08-01 18:06:20,768 - EduRAG - INFO - 开始预处理文本
2025-08-01 18:06:20,769 - EduRAG - INFO - 开始预处理文本
2025-08-01 18:06:20,769 - EduRAG - INFO - 开始预处理文本
2025-08-01 18:06:20,769 - EduRAG - INFO - 开始预处理文本
2025-08-01 18:06:20,769 - EduRAG - INFO - 开始预处理文本
2025-08-01 18:06:20,769 - EduRAG - INFO - 开始预处理文本
2025-08-01 18:06:20,769 - EduRAG - INFO - 开始预处理文本
2025-08-01 18:06:20,769 - EduRAG - INFO - 开始预处理文本
2025-08-01 18:06:20,769 - EduRAG - INFO - 开始预处理文本
2025-08-01 18:06:20,769 - EduRAG - INFO - 开始预处理文本
2025-08-01 18:06:20,769 - EduRAG - INFO - 开始预处理文本
2025-08-01 18:06:20,769 - EduRAG - INFO - 开始预处理文本
2025-08-01 18:06:20,769 - EduRAG - INFO - 开始预处理文本
2025-08-01 18:06:20,769 - EduRAG - INFO - 开始预处理文本
2025-08-01 18:06:20,769 - EduRAG - INFO - 开始预处理文本
2025-08-01 18:06:20,769 - EduRAG - INFO - 开始预处理文本
2025-08-01 18:06:20,769 - EduRAG - INFO - 开始预处理文本
2025-08-01 18:06:20,769 - EduRAG - INFO - 开始预处理文本
2025-08-01 18:06:20,769 - EduRAG - INFO - 开始预处理文本
2025-08-01 18:06:20,769 - EduRAG - INFO - 开始预处理文本
2025-08-01 18:06:20,770 - EduRAG - INFO - 开始预处理文本
2025-08-01 18:06:20,770 - EduRAG - INFO - 开始预处理文本
2025-08-01 18:06:20,770 - EduRAG - INFO - 开始预处理文本
2025-08-01 18:06:20,770 - EduRAG - INFO - 开始预处理文本
2025-08-01 18:06:20,770 - EduRAG - INFO - 开始预处理文本
2025-08-01 18:06:20,770 - EduRAG - INFO - 开始预处理文本
2025-08-01 18:06:20,770 - EduRAG - INFO - 开始预处理文本
2025-08-01 18:06:20,770 - EduRAG - INFO - 开始预处理文本
2025-08-01 18:06:20,770 - EduRAG - INFO - 开始预处理文本
2025-08-01 18:06:20,770 - EduRAG - INFO - 开始预处理文本
2025-08-01 18:06:20,770 - EduRAG - INFO - 开始预处理文本
2025-08-01 18:06:20,770 - EduRAG - INFO - 开始预处理文本
2025-08-01 18:06:20,770 - EduRAG - INFO - 开始预处理文本
2025-08-01 18:06:20,770 - EduRAG - INFO - 开始预处理文本
2025-08-01 18:06:20,770 - EduRAG - INFO - 开始预处理文本
2025-08-01 18:06:20,770 - EduRAG - INFO - 开始预处理文本
2025-08-01 18:06:20,770 - EduRAG - INFO - 开始预处理文本
2025-08-01 18:06:20,770 - EduRAG - INFO - 开始预处理文本
2025-08-01 18:06:20,770 - EduRAG - INFO - 开始预处理文本
2025-08-01 18:06:20,770 - EduRAG - INFO - 开始预处理文本
2025-08-01 18:06:20,770 - EduRAG - INFO - 开始预处理文本
2025-08-01 18:06:20,770 - EduRAG - INFO - 开始预处理文本
2025-08-01 18:06:20,770 - EduRAG - INFO - 开始预处理文本
2025-08-01 18:06:20,771 - EduRAG - INFO - 开始预处理文本
2025-08-01 18:06:20,771 - EduRAG - INFO - 开始预处理文本
2025-08-01 18:06:20,771 - EduRAG - INFO - 开始预处理文本
2025-08-01 18:06:20,771 - EduRAG - INFO - 开始预处理文本
2025-08-01 18:06:20,771 - EduRAG - INFO - 开始预处理文本
2025-08-01 18:06:20,771 - EduRAG - INFO - 开始预处理文本
2025-08-01 18:06:20,771 - EduRAG - INFO - 开始预处理文本
2025-08-01 18:06:20,771 - EduRAG - INFO - 开始预处理文本
2025-08-01 18:06:20,771 - EduRAG - INFO - 开始预处理文本
2025-08-01 18:06:20,771 - EduRAG - INFO - 开始预处理文本
2025-08-01 18:06:20,771 - EduRAG - INFO - 开始预处理文本
2025-08-01 18:06:20,771 - EduRAG - INFO - 开始预处理文本
2025-08-01 18:06:20,771 - EduRAG - INFO - 开始预处理文本
2025-08-01 18:06:20,772 - EduRAG - INFO - 开始预处理文本
2025-08-01 18:06:20,772 - EduRAG - INFO - 开始预处理文本
2025-08-01 18:06:20,772 - EduRAG - INFO - 开始预处理文本
2025-08-01 18:06:20,772 - EduRAG - INFO - 开始预处理文本
2025-08-01 18:06:20,772 - EduRAG - INFO - 开始预处理文本
2025-08-01 18:06:20,772 - EduRAG - INFO - 开始预处理文本
2025-08-01 18:06:20,772 - EduRAG - INFO - 开始预处理文本
2025-08-01 18:06:20,772 - EduRAG - INFO - 开始预处理文本
2025-08-01 18:06:20,772 - EduRAG - INFO - 开始预处理文本
2025-08-01 18:06:20,772 - EduRAG - INFO - 开始预处理文本
2025-08-01 18:06:20,772 - EduRAG - INFO - 开始预处理文本
2025-08-01 18:06:20,772 - EduRAG - INFO - 开始预处理文本
2025-08-01 18:06:20,772 - EduRAG - INFO - 开始预处理文本
2025-08-01 18:06:20,773 - EduRAG - INFO - 开始预处理文本
2025-08-01 18:06:20,773 - EduRAG - INFO - 开始预处理文本
2025-08-01 18:06:20,773 - EduRAG - INFO - 开始预处理文本
2025-08-01 18:06:20,773 - EduRAG - INFO - 开始预处理文本
2025-08-01 18:06:20,773 - EduRAG - INFO - 开始预处理文本
2025-08-01 18:06:20,773 - EduRAG - INFO - 开始预处理文本
2025-08-01 18:06:20,773 - EduRAG - INFO - 开始预处理文本
2025-08-01 18:06:20,773 - EduRAG - INFO - 开始预处理文本
2025-08-01 18:06:20,773 - EduRAG - INFO - 开始预处理文本
2025-08-01 18:06:20,773 - EduRAG - INFO - 开始预处理文本
2025-08-01 18:06:20,773 - EduRAG - INFO - 开始预处理文本
2025-08-01 18:06:20,773 - EduRAG - INFO - 开始预处理文本
2025-08-01 18:06:20,773 - EduRAG - INFO - 开始预处理文本
2025-08-01 18:06:20,773 - EduRAG - INFO - 开始预处理文本
2025-08-01 18:06:20,773 - EduRAG - INFO - 开始预处理文本
2025-08-01 18:06:20,773 - EduRAG - INFO - 开始预处理文本
2025-08-01 18:06:20,773 - EduRAG - INFO - 开始预处理文本
2025-08-01 18:06:20,774 - EduRAG - INFO - 开始预处理文本
2025-08-01 18:06:20,774 - EduRAG - INFO - 开始预处理文本
2025-08-01 18:06:20,774 - EduRAG - INFO - 开始预处理文本
2025-08-01 18:06:20,774 - EduRAG - INFO - 开始预处理文本
2025-08-01 18:06:20,774 - EduRAG - INFO - 开始预处理文本
2025-08-01 18:06:20,774 - EduRAG - INFO - 开始预处理文本
2025-08-01 18:06:20,774 - EduRAG - INFO - 开始预处理文本
2025-08-01 18:06:20,774 - EduRAG - INFO - 开始预处理文本
2025-08-01 18:06:20,774 - EduRAG - INFO - 开始预处理文本
2025-08-01 18:06:20,774 - EduRAG - INFO - 开始预处理文本
2025-08-01 18:06:20,774 - EduRAG - INFO - 开始预处理文本
2025-08-01 18:06:20,774 - EduRAG - INFO - 开始预处理文本
2025-08-01 18:06:20,774 - EduRAG - INFO - 开始预处理文本
2025-08-01 18:06:20,774 - EduRAG - INFO - 开始预处理文本
2025-08-01 18:06:20,774 - EduRAG - INFO - 开始预处理文本
2025-08-01 18:06:20,774 - EduRAG - INFO - 开始预处理文本
2025-08-01 18:06:20,774 - EduRAG - INFO - 开始预处理文本
2025-08-01 18:06:20,774 - EduRAG - INFO - 开始预处理文本
2025-08-01 18:06:20,775 - EduRAG - INFO - 开始预处理文本
2025-08-01 18:06:20,775 - EduRAG - INFO - 开始预处理文本
2025-08-01 18:06:20,775 - EduRAG - INFO - 开始预处理文本
2025-08-01 18:06:20,775 - EduRAG - INFO - 开始预处理文本
2025-08-01 18:06:20,775 - EduRAG - INFO - 开始预处理文本
2025-08-01 18:06:20,775 - EduRAG - INFO - 开始预处理文本
2025-08-01 18:06:20,775 - EduRAG - INFO - 开始预处理文本
2025-08-01 18:06:20,775 - EduRAG - INFO - 开始预处理文本
2025-08-01 18:06:20,775 - EduRAG - INFO - 开始预处理文本
2025-08-01 18:06:20,775 - EduRAG - INFO - 开始预处理文本
2025-08-01 18:06:20,775 - EduRAG - INFO - 开始预处理文本
2025-08-01 18:06:20,775 - EduRAG - INFO - 开始预处理文本
2025-08-01 18:06:20,775 - EduRAG - INFO - 开始预处理文本
2025-08-01 18:06:20,775 - EduRAG - INFO - 开始预处理文本
2025-08-01 18:06:20,775 - EduRAG - INFO - 开始预处理文本
2025-08-01 18:06:20,776 - EduRAG - INFO - 开始预处理文本
2025-08-01 18:06:20,776 - EduRAG - INFO - 开始预处理文本
2025-08-01 18:08:18,368 - EduRAG - INFO - Redis 连接成功
2025-08-01 18:08:18,381 - EduRAG - INFO - MySQL 连接成功
2025-08-01 18:08:18,390 - EduRAG - INFO - 成功获取问题
2025-08-01 18:08:18,390 - EduRAG - INFO - 开始预处理文本
2025-08-01 18:08:18,768 - EduRAG - INFO - 开始预处理文本
2025-08-01 18:08:18,768 - EduRAG - INFO - 开始预处理文本
2025-08-01 18:08:18,768 - EduRAG - INFO - 开始预处理文本
2025-08-01 18:08:18,769 - EduRAG - INFO - 开始预处理文本
2025-08-01 18:08:18,769 - EduRAG - INFO - 开始预处理文本
2025-08-01 18:08:18,769 - EduRAG - INFO - 开始预处理文本
2025-08-01 18:08:18,769 - EduRAG - INFO - 开始预处理文本
2025-08-01 18:08:18,769 - EduRAG - INFO - 开始预处理文本
2025-08-01 18:08:18,769 - EduRAG - INFO - 开始预处理文本
2025-08-01 18:08:18,769 - EduRAG - INFO - 开始预处理文本
2025-08-01 18:08:18,769 - EduRAG - INFO - 开始预处理文本
2025-08-01 18:08:18,769 - EduRAG - INFO - 开始预处理文本
2025-08-01 18:08:18,769 - EduRAG - INFO - 开始预处理文本
2025-08-01 18:08:18,769 - EduRAG - INFO - 开始预处理文本
2025-08-01 18:08:18,769 - EduRAG - INFO - 开始预处理文本
2025-08-01 18:08:18,769 - EduRAG - INFO - 开始预处理文本
2025-08-01 18:08:18,769 - EduRAG - INFO - 开始预处理文本
2025-08-01 18:08:18,770 - EduRAG - INFO - 开始预处理文本
2025-08-01 18:08:18,770 - EduRAG - INFO - 开始预处理文本
2025-08-01 18:08:18,770 - EduRAG - INFO - 开始预处理文本
2025-08-01 18:08:18,770 - EduRAG - INFO - 开始预处理文本
2025-08-01 18:08:18,770 - EduRAG - INFO - 开始预处理文本
2025-08-01 18:08:18,770 - EduRAG - INFO - 开始预处理文本
2025-08-01 18:08:18,770 - EduRAG - INFO - 开始预处理文本
2025-08-01 18:08:18,770 - EduRAG - INFO - 开始预处理文本
2025-08-01 18:08:18,770 - EduRAG - INFO - 开始预处理文本
2025-08-01 18:08:18,770 - EduRAG - INFO - 开始预处理文本
2025-08-01 18:08:18,770 - EduRAG - INFO - 开始预处理文本
2025-08-01 18:08:18,770 - EduRAG - INFO - 开始预处理文本
2025-08-01 18:08:18,771 - EduRAG - INFO - 开始预处理文本
2025-08-01 18:08:18,771 - EduRAG - INFO - 开始预处理文本
2025-08-01 18:08:18,771 - EduRAG - INFO - 开始预处理文本
2025-08-01 18:08:18,771 - EduRAG - INFO - 开始预处理文本
2025-08-01 18:08:18,771 - EduRAG - INFO - 开始预处理文本
2025-08-01 18:08:18,771 - EduRAG - INFO - 开始预处理文本
2025-08-01 18:08:18,771 - EduRAG - INFO - 开始预处理文本
2025-08-01 18:08:18,771 - EduRAG - INFO - 开始预处理文本
2025-08-01 18:08:18,771 - EduRAG - INFO - 开始预处理文本
2025-08-01 18:08:18,771 - EduRAG - INFO - 开始预处理文本
2025-08-01 18:08:18,771 - EduRAG - INFO - 开始预处理文本
2025-08-01 18:08:18,771 - EduRAG - INFO - 开始预处理文本
2025-08-01 18:08:18,771 - EduRAG - INFO - 开始预处理文本
2025-08-01 18:08:18,771 - EduRAG - INFO - 开始预处理文本
2025-08-01 18:08:18,771 - EduRAG - INFO - 开始预处理文本
2025-08-01 18:08:18,771 - EduRAG - INFO - 开始预处理文本
2025-08-01 18:08:18,772 - EduRAG - INFO - 开始预处理文本
2025-08-01 18:08:18,772 - EduRAG - INFO - 开始预处理文本
2025-08-01 18:08:18,772 - EduRAG - INFO - 开始预处理文本
2025-08-01 18:08:18,772 - EduRAG - INFO - 开始预处理文本
2025-08-01 18:08:18,772 - EduRAG - INFO - 开始预处理文本
2025-08-01 18:08:18,772 - EduRAG - INFO - 开始预处理文本
2025-08-01 18:08:18,772 - EduRAG - INFO - 开始预处理文本
2025-08-01 18:08:18,772 - EduRAG - INFO - 开始预处理文本
2025-08-01 18:08:18,772 - EduRAG - INFO - 开始预处理文本
2025-08-01 18:08:18,772 - EduRAG - INFO - 开始预处理文本
2025-08-01 18:08:18,772 - EduRAG - INFO - 开始预处理文本
2025-08-01 18:08:18,772 - EduRAG - INFO - 开始预处理文本
2025-08-01 18:08:18,772 - EduRAG - INFO - 开始预处理文本
2025-08-01 18:08:18,772 - EduRAG - INFO - 开始预处理文本
2025-08-01 18:08:18,772 - EduRAG - INFO - 开始预处理文本
2025-08-01 18:08:18,773 - EduRAG - INFO - 开始预处理文本
2025-08-01 18:08:18,773 - EduRAG - INFO - 开始预处理文本
2025-08-01 18:08:18,773 - EduRAG - INFO - 开始预处理文本
2025-08-01 18:08:18,773 - EduRAG - INFO - 开始预处理文本
2025-08-01 18:08:18,773 - EduRAG - INFO - 开始预处理文本
2025-08-01 18:08:18,773 - EduRAG - INFO - 开始预处理文本
2025-08-01 18:08:18,773 - EduRAG - INFO - 开始预处理文本
2025-08-01 18:08:18,773 - EduRAG - INFO - 开始预处理文本
2025-08-01 18:08:18,773 - EduRAG - INFO - 开始预处理文本
2025-08-01 18:08:18,773 - EduRAG - INFO - 开始预处理文本
2025-08-01 18:08:18,773 - EduRAG - INFO - 开始预处理文本
2025-08-01 18:08:18,773 - EduRAG - INFO - 开始预处理文本
2025-08-01 18:08:18,773 - EduRAG - INFO - 开始预处理文本
2025-08-01 18:08:18,773 - EduRAG - INFO - 开始预处理文本
2025-08-01 18:08:18,773 - EduRAG - INFO - 开始预处理文本
2025-08-01 18:08:18,773 - EduRAG - INFO - 开始预处理文本
2025-08-01 18:08:18,773 - EduRAG - INFO - 开始预处理文本
2025-08-01 18:08:18,774 - EduRAG - INFO - 开始预处理文本
2025-08-01 18:08:18,774 - EduRAG - INFO - 开始预处理文本
2025-08-01 18:08:18,774 - EduRAG - INFO - 开始预处理文本
2025-08-01 18:08:18,774 - EduRAG - INFO - 开始预处理文本
2025-08-01 18:08:18,774 - EduRAG - INFO - 开始预处理文本
2025-08-01 18:08:18,774 - EduRAG - INFO - 开始预处理文本
2025-08-01 18:08:18,774 - EduRAG - INFO - 开始预处理文本
2025-08-01 18:08:18,774 - EduRAG - INFO - 开始预处理文本
2025-08-01 18:08:18,774 - EduRAG - INFO - 开始预处理文本
2025-08-01 18:08:18,774 - EduRAG - INFO - 开始预处理文本
2025-08-01 18:08:18,774 - EduRAG - INFO - 开始预处理文本
2025-08-01 18:08:18,774 - EduRAG - INFO - 开始预处理文本
2025-08-01 18:08:18,774 - EduRAG - INFO - 开始预处理文本
2025-08-01 18:08:18,774 - EduRAG - INFO - 开始预处理文本
2025-08-01 18:08:18,774 - EduRAG - INFO - 开始预处理文本
2025-08-01 18:08:18,774 - EduRAG - INFO - 开始预处理文本
2025-08-01 18:08:18,774 - EduRAG - INFO - 开始预处理文本
2025-08-01 18:08:18,774 - EduRAG - INFO - 开始预处理文本
2025-08-01 18:08:18,774 - EduRAG - INFO - 开始预处理文本
2025-08-01 18:08:18,774 - EduRAG - INFO - 开始预处理文本
2025-08-01 18:08:18,775 - EduRAG - INFO - 开始预处理文本
2025-08-01 18:08:18,775 - EduRAG - INFO - 开始预处理文本
2025-08-01 18:08:18,775 - EduRAG - INFO - 开始预处理文本
2025-08-01 18:08:18,775 - EduRAG - INFO - 开始预处理文本
2025-08-01 18:08:18,775 - EduRAG - INFO - 开始预处理文本
2025-08-01 18:08:18,775 - EduRAG - INFO - 开始预处理文本
2025-08-01 18:08:18,775 - EduRAG - INFO - 开始预处理文本
2025-08-01 18:08:18,775 - EduRAG - INFO - 开始预处理文本
2025-08-01 18:08:18,775 - EduRAG - INFO - 开始预处理文本
2025-08-01 18:08:18,775 - EduRAG - INFO - 开始预处理文本
2025-08-01 18:08:18,775 - EduRAG - INFO - 开始预处理文本
2025-08-01 18:08:18,775 - EduRAG - INFO - 开始预处理文本
2025-08-01 18:08:18,775 - EduRAG - INFO - 开始预处理文本
2025-08-01 18:08:18,775 - EduRAG - INFO - 开始预处理文本
2025-08-01 18:08:18,775 - EduRAG - INFO - 开始预处理文本
2025-08-01 18:08:18,775 - EduRAG - INFO - 开始预处理文本
2025-08-01 18:08:18,775 - EduRAG - INFO - 开始预处理文本
2025-08-01 18:08:18,775 - EduRAG - INFO - 开始预处理文本
2025-08-01 18:08:18,775 - EduRAG - INFO - 开始预处理文本
2025-08-01 18:08:18,775 - EduRAG - INFO - 开始预处理文本
2025-08-01 18:08:18,776 - EduRAG - INFO - 开始预处理文本
2025-08-01 18:08:18,776 - EduRAG - INFO - 开始预处理文本
2025-08-01 18:08:18,776 - EduRAG - INFO - 开始预处理文本
2025-08-01 18:08:18,776 - EduRAG - INFO - 开始预处理文本
2025-08-01 18:08:18,776 - EduRAG - INFO - 开始预处理文本
2025-08-01 18:08:18,776 - EduRAG - INFO - 开始预处理文本
2025-08-01 18:08:18,776 - EduRAG - INFO - 开始预处理文本
2025-08-01 18:08:18,776 - EduRAG - INFO - 开始预处理文本
2025-08-01 18:08:18,776 - EduRAG - INFO - 开始预处理文本
2025-08-01 18:08:18,776 - EduRAG - INFO - 开始预处理文本
2025-08-01 18:08:18,776 - EduRAG - INFO - 开始预处理文本
2025-08-01 18:08:18,776 - EduRAG - INFO - 开始预处理文本
2025-08-01 18:08:18,776 - EduRAG - INFO - 开始预处理文本
2025-08-01 18:08:18,776 - EduRAG - INFO - 开始预处理文本
2025-08-01 18:08:18,776 - EduRAG - INFO - 开始预处理文本
2025-08-01 18:08:18,776 - EduRAG - INFO - 开始预处理文本
2025-08-01 18:08:18,776 - EduRAG - INFO - 开始预处理文本
2025-08-01 18:08:18,777 - EduRAG - INFO - 开始预处理文本
2025-08-01 18:08:18,777 - EduRAG - INFO - 开始预处理文本
2025-08-01 18:08:18,777 - EduRAG - INFO - 开始预处理文本
2025-08-01 18:08:18,777 - EduRAG - INFO - 开始预处理文本
2025-08-01 18:08:18,777 - EduRAG - INFO - 开始预处理文本
2025-08-01 18:08:18,777 - EduRAG - INFO - 开始预处理文本
2025-08-01 18:08:18,777 - EduRAG - INFO - 开始预处理文本
2025-08-01 18:08:18,777 - EduRAG - INFO - 开始预处理文本
2025-08-01 18:08:18,777 - EduRAG - INFO - 开始预处理文本
2025-08-01 18:08:18,777 - EduRAG - INFO - 开始预处理文本
2025-08-01 18:08:18,777 - EduRAG - INFO - 开始预处理文本
2025-08-01 18:08:18,777 - EduRAG - INFO - 开始预处理文本
2025-08-01 18:08:18,777 - EduRAG - INFO - 开始预处理文本
2025-08-01 18:08:18,777 - EduRAG - INFO - 开始预处理文本
2025-08-01 18:08:18,777 - EduRAG - INFO - 开始预处理文本
2025-08-01 18:08:18,777 - EduRAG - INFO - 开始预处理文本
2025-08-01 18:08:18,777 - EduRAG - INFO - 开始预处理文本
2025-08-01 18:08:18,777 - EduRAG - INFO - 开始预处理文本
2025-08-01 18:08:18,777 - EduRAG - INFO - 开始预处理文本
2025-08-01 18:08:18,777 - EduRAG - INFO - 开始预处理文本
2025-08-01 18:08:18,777 - EduRAG - INFO - 开始预处理文本
2025-08-01 18:08:18,778 - EduRAG - INFO - 开始预处理文本
2025-08-01 18:08:18,778 - EduRAG - INFO - 开始预处理文本
2025-08-01 18:08:18,778 - EduRAG - INFO - 开始预处理文本
2025-08-01 18:08:18,778 - EduRAG - INFO - 开始预处理文本
2025-08-01 18:08:18,778 - EduRAG - INFO - 开始预处理文本
2025-08-01 18:08:18,778 - EduRAG - INFO - 开始预处理文本
2025-08-01 18:08:18,778 - EduRAG - INFO - 开始预处理文本
2025-08-01 18:08:18,778 - EduRAG - INFO - 开始预处理文本
2025-08-01 18:08:18,778 - EduRAG - INFO - 开始预处理文本
2025-08-01 18:08:18,778 - EduRAG - INFO - 开始预处理文本
2025-08-01 18:08:18,778 - EduRAG - INFO - 开始预处理文本
2025-08-01 18:08:18,778 - EduRAG - INFO - 开始预处理文本
2025-08-01 18:08:18,778 - EduRAG - INFO - 开始预处理文本
2025-08-01 18:08:18,778 - EduRAG - INFO - 开始预处理文本
2025-08-01 18:08:18,778 - EduRAG - INFO - 开始预处理文本
2025-08-01 18:08:18,778 - EduRAG - INFO - 开始预处理文本
2025-08-01 18:08:18,778 - EduRAG - INFO - 开始预处理文本
2025-08-01 18:08:18,778 - EduRAG - INFO - 开始预处理文本
2025-08-01 18:08:18,778 - EduRAG - INFO - 开始预处理文本
2025-08-01 18:08:18,778 - EduRAG - INFO - 开始预处理文本
2025-08-01 18:08:18,778 - EduRAG - INFO - 开始预处理文本
2025-08-01 18:08:18,778 - EduRAG - INFO - 开始预处理文本
2025-08-01 18:08:18,778 - EduRAG - INFO - 开始预处理文本
2025-08-01 18:08:18,778 - EduRAG - INFO - 开始预处理文本
2025-08-01 18:08:18,779 - EduRAG - INFO - 开始预处理文本
2025-08-01 18:08:18,779 - EduRAG - INFO - 开始预处理文本
2025-08-01 18:08:18,779 - EduRAG - INFO - 开始预处理文本
2025-08-01 18:08:18,779 - EduRAG - INFO - 开始预处理文本
2025-08-01 18:08:18,779 - EduRAG - INFO - 开始预处理文本
2025-08-01 18:08:18,779 - EduRAG - INFO - 开始预处理文本
2025-08-01 18:08:18,779 - EduRAG - INFO - 开始预处理文本
2025-08-01 18:08:18,779 - EduRAG - INFO - 开始预处理文本
2025-08-01 18:08:18,779 - EduRAG - INFO - 开始预处理文本
2025-08-01 18:08:18,779 - EduRAG - INFO - 开始预处理文本
2025-08-01 18:08:18,779 - EduRAG - INFO - 开始预处理文本
2025-08-01 18:08:18,779 - EduRAG - INFO - 开始预处理文本
2025-08-01 18:08:18,779 - EduRAG - INFO - 开始预处理文本
2025-08-01 18:08:18,779 - EduRAG - INFO - 开始预处理文本
2025-08-01 18:08:18,779 - EduRAG - INFO - 开始预处理文本
2025-08-01 18:08:18,779 - EduRAG - INFO - 开始预处理文本
2025-08-01 18:08:18,779 - EduRAG - INFO - 开始预处理文本
2025-08-01 18:08:18,779 - EduRAG - INFO - 开始预处理文本
2025-08-01 18:08:18,779 - EduRAG - INFO - 开始预处理文本
2025-08-01 18:08:18,779 - EduRAG - INFO - 开始预处理文本
2025-08-01 18:08:18,779 - EduRAG - INFO - 开始预处理文本
2025-08-01 18:08:18,779 - EduRAG - INFO - 开始预处理文本
2025-08-01 18:08:18,779 - EduRAG - INFO - 开始预处理文本
2025-08-01 18:08:18,780 - EduRAG - INFO - 开始预处理文本
2025-08-01 18:08:18,780 - EduRAG - INFO - 开始预处理文本
2025-08-01 18:08:18,780 - EduRAG - INFO - 开始预处理文本
2025-08-01 18:08:18,780 - EduRAG - INFO - 开始预处理文本
2025-08-01 18:08:18,780 - EduRAG - INFO - 开始预处理文本
2025-08-01 18:08:18,780 - EduRAG - INFO - 开始预处理文本
2025-08-01 18:08:18,780 - EduRAG - INFO - 开始预处理文本
2025-08-01 18:08:18,780 - EduRAG - INFO - 开始预处理文本
2025-08-01 18:08:18,780 - EduRAG - INFO - 开始预处理文本
2025-08-01 18:08:18,780 - EduRAG - INFO - 开始预处理文本
2025-08-01 18:08:18,780 - EduRAG - INFO - 开始预处理文本
2025-08-01 18:08:18,780 - EduRAG - INFO - 开始预处理文本
2025-08-01 18:08:18,780 - EduRAG - INFO - 开始预处理文本
2025-08-01 18:08:18,780 - EduRAG - INFO - 开始预处理文本
2025-08-01 18:08:18,780 - EduRAG - INFO - 开始预处理文本
2025-08-01 18:08:18,780 - EduRAG - INFO - 开始预处理文本
2025-08-01 18:08:18,780 - EduRAG - INFO - 开始预处理文本
2025-08-01 18:08:18,780 - EduRAG - INFO - 开始预处理文本
2025-08-01 18:08:18,780 - EduRAG - INFO - 开始预处理文本
2025-08-01 18:08:18,780 - EduRAG - INFO - 开始预处理文本
2025-08-01 18:08:18,780 - EduRAG - INFO - 开始预处理文本
2025-08-01 18:08:18,780 - EduRAG - INFO - 开始预处理文本
2025-08-01 18:08:18,781 - EduRAG - INFO - 开始预处理文本
2025-08-01 18:08:18,781 - EduRAG - INFO - 开始预处理文本
2025-08-01 18:08:18,781 - EduRAG - INFO - 开始预处理文本
2025-08-01 18:08:18,781 - EduRAG - INFO - 开始预处理文本
2025-08-01 18:08:18,781 - EduRAG - INFO - 开始预处理文本
2025-08-01 18:08:18,781 - EduRAG - INFO - 开始预处理文本
2025-08-01 18:08:18,781 - EduRAG - INFO - 开始预处理文本
2025-08-01 18:08:18,781 - EduRAG - INFO - 开始预处理文本
2025-08-01 18:08:18,781 - EduRAG - INFO - 开始预处理文本
2025-08-01 18:08:18,781 - EduRAG - INFO - 开始预处理文本
2025-08-01 18:08:18,781 - EduRAG - INFO - 开始预处理文本
2025-08-01 18:08:18,781 - EduRAG - INFO - 开始预处理文本
2025-08-01 18:08:18,781 - EduRAG - INFO - 开始预处理文本
2025-08-01 18:08:18,781 - EduRAG - INFO - 开始预处理文本
2025-08-01 18:08:18,781 - EduRAG - INFO - 开始预处理文本
2025-08-01 18:08:18,781 - EduRAG - INFO - 开始预处理文本
2025-08-01 18:08:18,781 - EduRAG - INFO - 开始预处理文本
2025-08-01 18:08:18,781 - EduRAG - INFO - 开始预处理文本
2025-08-01 18:08:18,781 - EduRAG - INFO - 开始预处理文本
2025-08-01 18:08:18,781 - EduRAG - INFO - 开始预处理文本
2025-08-01 18:08:18,781 - EduRAG - INFO - 开始预处理文本
2025-08-01 18:08:18,781 - EduRAG - INFO - 开始预处理文本
2025-08-01 18:08:18,782 - EduRAG - INFO - 开始预处理文本
2025-08-01 18:08:18,782 - EduRAG - INFO - 开始预处理文本
2025-08-01 18:08:18,782 - EduRAG - INFO - 开始预处理文本
2025-08-01 18:08:18,782 - EduRAG - INFO - 开始预处理文本
2025-08-01 18:08:18,782 - EduRAG - INFO - 开始预处理文本
2025-08-01 18:08:18,782 - EduRAG - INFO - 开始预处理文本
2025-08-01 18:08:18,782 - EduRAG - INFO - 开始预处理文本
2025-08-01 18:08:18,782 - EduRAG - INFO - 开始预处理文本
2025-08-01 18:08:18,782 - EduRAG - INFO - 开始预处理文本
2025-08-01 18:08:18,782 - EduRAG - INFO - 开始预处理文本
2025-08-01 18:08:18,782 - EduRAG - INFO - 开始预处理文本
2025-08-01 18:08:18,782 - EduRAG - INFO - 开始预处理文本
2025-08-01 18:08:18,782 - EduRAG - INFO - 开始预处理文本
2025-08-01 18:08:18,782 - EduRAG - INFO - 开始预处理文本
2025-08-01 18:08:18,782 - EduRAG - INFO - 开始预处理文本
2025-08-01 18:08:18,783 - EduRAG - INFO - 开始预处理文本
2025-08-01 18:08:18,783 - EduRAG - INFO - 开始预处理文本
2025-08-01 18:08:18,783 - EduRAG - INFO - 开始预处理文本
2025-08-01 18:08:18,783 - EduRAG - INFO - 开始预处理文本
2025-08-01 18:08:18,783 - EduRAG - INFO - 开始预处理文本
2025-08-01 18:08:18,783 - EduRAG - INFO - 开始预处理文本
2025-08-01 18:08:18,783 - EduRAG - INFO - 开始预处理文本
2025-08-01 18:08:18,783 - EduRAG - INFO - 开始预处理文本
2025-08-01 18:08:18,783 - EduRAG - INFO - 开始预处理文本
2025-08-01 18:08:18,783 - EduRAG - INFO - 开始预处理文本
2025-08-01 18:08:18,784 - EduRAG - INFO - 开始预处理文本
2025-08-01 18:08:18,784 - EduRAG - INFO - 开始预处理文本
2025-08-01 18:08:18,784 - EduRAG - INFO - 开始预处理文本
2025-08-01 18:08:18,784 - EduRAG - INFO - 开始预处理文本
2025-08-01 18:08:18,784 - EduRAG - INFO - 开始预处理文本
2025-08-01 18:08:18,784 - EduRAG - INFO - 开始预处理文本
2025-08-01 18:08:18,784 - EduRAG - INFO - 开始预处理文本
2025-08-01 18:08:18,784 - EduRAG - INFO - 开始预处理文本
2025-08-01 18:08:18,784 - EduRAG - INFO - 开始预处理文本
2025-08-01 18:08:18,785 - EduRAG - INFO - 开始预处理文本
2025-08-01 18:08:18,785 - EduRAG - INFO - 开始预处理文本
2025-08-01 18:08:18,785 - EduRAG - INFO - 开始预处理文本
2025-08-01 18:08:18,785 - EduRAG - INFO - 开始预处理文本
2025-08-01 18:08:18,785 - EduRAG - INFO - 开始预处理文本
2025-08-01 18:08:18,785 - EduRAG - INFO - 开始预处理文本
2025-08-01 18:08:18,785 - EduRAG - INFO - 开始预处理文本
2025-08-01 18:08:18,785 - EduRAG - INFO - 开始预处理文本
2025-08-01 18:08:18,785 - EduRAG - INFO - 开始预处理文本
2025-08-01 18:08:18,785 - EduRAG - INFO - 开始预处理文本
2025-08-01 18:08:18,785 - EduRAG - INFO - 开始预处理文本
2025-08-01 18:08:18,785 - EduRAG - INFO - 开始预处理文本
2025-08-01 18:08:18,785 - EduRAG - INFO - 开始预处理文本
2025-08-01 18:08:18,785 - EduRAG - INFO - 开始预处理文本
2025-08-01 18:08:18,785 - EduRAG - INFO - 开始预处理文本
2025-08-01 18:08:18,786 - EduRAG - INFO - 开始预处理文本
2025-08-01 18:08:18,786 - EduRAG - INFO - 开始预处理文本
2025-08-01 18:08:18,786 - EduRAG - INFO - 开始预处理文本
2025-08-01 18:08:18,786 - EduRAG - INFO - 开始预处理文本
2025-08-01 18:08:18,786 - EduRAG - INFO - 开始预处理文本
2025-08-01 18:08:18,786 - EduRAG - INFO - 开始预处理文本
2025-08-01 18:08:18,786 - EduRAG - INFO - 开始预处理文本
2025-08-01 18:08:18,786 - EduRAG - INFO - 开始预处理文本
2025-08-01 18:08:18,786 - EduRAG - INFO - 开始预处理文本
2025-08-01 18:08:18,786 - EduRAG - INFO - 开始预处理文本
2025-08-01 18:08:18,786 - EduRAG - INFO - 开始预处理文本
2025-08-01 18:08:18,786 - EduRAG - INFO - 开始预处理文本
2025-08-01 18:08:18,786 - EduRAG - INFO - 开始预处理文本
2025-08-01 18:08:18,786 - EduRAG - INFO - 开始预处理文本
2025-08-01 18:08:18,787 - EduRAG - INFO - 开始预处理文本
2025-08-01 18:08:18,787 - EduRAG - INFO - 开始预处理文本
2025-08-01 18:08:18,787 - EduRAG - INFO - 开始预处理文本
2025-08-01 18:08:18,787 - EduRAG - INFO - 开始预处理文本
2025-08-01 18:08:18,787 - EduRAG - INFO - 开始预处理文本
2025-08-01 18:08:18,787 - EduRAG - INFO - 开始预处理文本
2025-08-01 18:08:18,787 - EduRAG - INFO - 开始预处理文本
2025-08-01 18:08:18,787 - EduRAG - INFO - 开始预处理文本
2025-08-01 18:08:18,787 - EduRAG - INFO - 开始预处理文本
2025-08-01 18:08:18,787 - EduRAG - INFO - 开始预处理文本
2025-08-01 18:08:18,787 - EduRAG - INFO - 开始预处理文本
2025-08-01 18:08:18,787 - EduRAG - INFO - 开始预处理文本
2025-08-01 18:08:18,787 - EduRAG - INFO - 开始预处理文本
2025-08-01 18:08:18,787 - EduRAG - INFO - 开始预处理文本
2025-08-01 18:08:18,787 - EduRAG - INFO - 开始预处理文本
2025-08-01 18:08:18,788 - EduRAG - INFO - 开始预处理文本
2025-08-01 18:08:18,788 - EduRAG - INFO - 开始预处理文本
2025-08-01 18:08:18,788 - EduRAG - INFO - 开始预处理文本
2025-08-01 18:08:18,788 - EduRAG - INFO - 开始预处理文本
2025-08-01 18:08:18,788 - EduRAG - INFO - 开始预处理文本
2025-08-01 18:08:18,788 - EduRAG - INFO - 开始预处理文本
2025-08-01 18:08:18,788 - EduRAG - INFO - 开始预处理文本
2025-08-01 18:08:18,788 - EduRAG - INFO - 开始预处理文本
2025-08-01 18:08:18,788 - EduRAG - INFO - 开始预处理文本
2025-08-01 18:08:18,788 - EduRAG - INFO - 开始预处理文本
2025-08-01 18:08:18,788 - EduRAG - INFO - 开始预处理文本
2025-08-01 18:08:18,788 - EduRAG - INFO - 开始预处理文本
2025-08-01 18:08:18,788 - EduRAG - INFO - 开始预处理文本
2025-08-01 18:08:18,789 - EduRAG - INFO - 开始预处理文本
2025-08-01 18:08:18,789 - EduRAG - INFO - 开始预处理文本
2025-08-01 18:08:18,789 - EduRAG - INFO - 开始预处理文本
2025-08-01 18:08:18,789 - EduRAG - INFO - 开始预处理文本
2025-08-01 18:08:18,789 - EduRAG - INFO - 开始预处理文本
2025-08-01 18:08:18,789 - EduRAG - INFO - 开始预处理文本
2025-08-01 18:08:18,789 - EduRAG - INFO - 开始预处理文本
2025-08-01 18:08:18,789 - EduRAG - INFO - 开始预处理文本
2025-08-01 18:08:18,789 - EduRAG - INFO - 开始预处理文本
2025-08-01 18:08:18,789 - EduRAG - INFO - 开始预处理文本
2025-08-01 18:08:18,789 - EduRAG - INFO - 开始预处理文本
2025-08-01 18:08:18,789 - EduRAG - INFO - 开始预处理文本
2025-08-01 18:08:18,789 - EduRAG - INFO - 开始预处理文本
2025-08-01 18:08:18,789 - EduRAG - INFO - 开始预处理文本
2025-08-01 18:08:18,789 - EduRAG - INFO - 开始预处理文本
2025-08-01 18:08:18,789 - EduRAG - INFO - 开始预处理文本
2025-08-01 18:08:18,789 - EduRAG - INFO - 开始预处理文本
2025-08-01 18:08:18,789 - EduRAG - INFO - 开始预处理文本
2025-08-01 18:08:18,790 - EduRAG - INFO - 开始预处理文本
2025-08-01 18:08:18,790 - EduRAG - INFO - 开始预处理文本
2025-08-01 18:08:18,790 - EduRAG - INFO - 开始预处理文本
2025-08-01 18:08:18,790 - EduRAG - INFO - 开始预处理文本
2025-08-01 18:08:18,790 - EduRAG - INFO - 开始预处理文本
2025-08-01 18:08:18,790 - EduRAG - INFO - 开始预处理文本
2025-08-01 18:08:18,790 - EduRAG - INFO - 开始预处理文本
2025-08-01 18:08:18,790 - EduRAG - INFO - 开始预处理文本
2025-08-01 18:08:18,790 - EduRAG - INFO - 开始预处理文本
2025-08-01 18:08:18,790 - EduRAG - INFO - 开始预处理文本
2025-08-01 18:08:18,790 - EduRAG - INFO - 开始预处理文本
2025-08-01 18:08:18,790 - EduRAG - INFO - 开始预处理文本
2025-08-01 18:08:18,790 - EduRAG - INFO - 开始预处理文本
2025-08-01 18:08:18,790 - EduRAG - INFO - 开始预处理文本
2025-08-01 18:08:18,790 - EduRAG - INFO - 开始预处理文本
2025-08-01 18:08:18,790 - EduRAG - INFO - 开始预处理文本
2025-08-01 18:08:18,790 - EduRAG - INFO - 开始预处理文本
2025-08-01 18:08:18,790 - EduRAG - INFO - 开始预处理文本
2025-08-01 18:08:18,790 - EduRAG - INFO - 开始预处理文本
2025-08-01 18:08:18,790 - EduRAG - INFO - 开始预处理文本
2025-08-01 18:08:18,790 - EduRAG - INFO - 开始预处理文本
2025-08-01 18:08:18,790 - EduRAG - INFO - 开始预处理文本
2025-08-01 18:08:18,791 - EduRAG - INFO - 开始预处理文本
2025-08-01 18:08:18,791 - EduRAG - INFO - 开始预处理文本
2025-08-01 18:08:18,791 - EduRAG - INFO - 开始预处理文本
2025-08-01 18:08:18,791 - EduRAG - INFO - 开始预处理文本
2025-08-01 18:08:18,791 - EduRAG - INFO - 开始预处理文本
2025-08-01 18:08:18,791 - EduRAG - INFO - 开始预处理文本
2025-08-01 18:08:18,791 - EduRAG - INFO - 开始预处理文本
2025-08-01 18:08:18,791 - EduRAG - INFO - 开始预处理文本
2025-08-01 18:08:18,791 - EduRAG - INFO - 开始预处理文本
2025-08-01 18:08:18,791 - EduRAG - INFO - 开始预处理文本
2025-08-01 18:08:18,791 - EduRAG - INFO - 开始预处理文本
2025-08-01 18:08:18,791 - EduRAG - INFO - 开始预处理文本
2025-08-01 18:08:18,791 - EduRAG - INFO - 开始预处理文本
2025-08-01 18:08:18,791 - EduRAG - INFO - 开始预处理文本
2025-08-01 18:08:18,791 - EduRAG - INFO - 开始预处理文本
2025-08-01 18:08:18,791 - EduRAG - INFO - 开始预处理文本
2025-08-01 18:08:18,791 - EduRAG - INFO - 开始预处理文本
2025-08-01 18:08:18,791 - EduRAG - INFO - 开始预处理文本
2025-08-01 18:08:18,791 - EduRAG - INFO - 开始预处理文本
2025-08-01 18:08:18,791 - EduRAG - INFO - 开始预处理文本
2025-08-01 18:08:18,791 - EduRAG - INFO - 开始预处理文本
2025-08-01 18:08:18,791 - EduRAG - INFO - 开始预处理文本
2025-08-01 18:08:18,791 - EduRAG - INFO - 开始预处理文本
2025-08-01 18:08:18,791 - EduRAG - INFO - 开始预处理文本
2025-08-01 18:08:18,792 - EduRAG - INFO - 开始预处理文本
2025-08-01 18:08:18,792 - EduRAG - INFO - 开始预处理文本
2025-08-01 18:08:18,792 - EduRAG - INFO - 开始预处理文本
2025-08-01 18:08:18,792 - EduRAG - INFO - 开始预处理文本
2025-08-01 18:08:18,792 - EduRAG - INFO - 开始预处理文本
2025-08-01 18:08:18,792 - EduRAG - INFO - 开始预处理文本
2025-08-01 18:08:18,792 - EduRAG - INFO - 开始预处理文本
2025-08-01 18:08:18,792 - EduRAG - INFO - 开始预处理文本
2025-08-01 18:08:18,792 - EduRAG - INFO - 开始预处理文本
2025-08-01 18:08:18,792 - EduRAG - INFO - 开始预处理文本
2025-08-01 18:08:18,792 - EduRAG - INFO - 开始预处理文本
2025-08-01 18:08:18,792 - EduRAG - INFO - 开始预处理文本
2025-08-01 18:08:18,792 - EduRAG - INFO - 开始预处理文本
2025-08-01 18:08:18,792 - EduRAG - INFO - 开始预处理文本
2025-08-01 18:08:18,792 - EduRAG - INFO - 开始预处理文本
2025-08-01 18:08:18,792 - EduRAG - INFO - 开始预处理文本
2025-08-01 18:08:18,792 - EduRAG - INFO - 开始预处理文本
2025-08-01 18:08:18,792 - EduRAG - INFO - 开始预处理文本
2025-08-01 18:08:18,792 - EduRAG - INFO - 开始预处理文本
2025-08-01 18:08:18,792 - EduRAG - INFO - 开始预处理文本
2025-08-01 18:08:18,792 - EduRAG - INFO - 开始预处理文本
2025-08-01 18:08:18,792 - EduRAG - INFO - 开始预处理文本
2025-08-01 18:08:18,792 - EduRAG - INFO - 开始预处理文本
2025-08-01 18:08:18,793 - EduRAG - INFO - 开始预处理文本
2025-08-01 18:08:18,793 - EduRAG - INFO - 开始预处理文本
2025-08-01 18:08:18,793 - EduRAG - INFO - 开始预处理文本
2025-08-01 18:08:18,793 - EduRAG - INFO - 开始预处理文本
2025-08-01 18:08:18,793 - EduRAG - INFO - 开始预处理文本
2025-08-01 18:08:18,793 - EduRAG - INFO - 开始预处理文本
2025-08-01 18:08:18,793 - EduRAG - INFO - 开始预处理文本
2025-08-01 18:08:18,793 - EduRAG - INFO - 开始预处理文本
2025-08-01 18:08:18,793 - EduRAG - INFO - 开始预处理文本
2025-08-01 18:08:18,793 - EduRAG - INFO - 开始预处理文本
2025-08-01 18:08:18,793 - EduRAG - INFO - 开始预处理文本
2025-08-01 18:08:18,793 - EduRAG - INFO - 开始预处理文本
2025-08-01 18:08:18,793 - EduRAG - INFO - 开始预处理文本
2025-08-01 18:08:18,793 - EduRAG - INFO - 开始预处理文本
2025-08-01 18:08:18,793 - EduRAG - INFO - 开始预处理文本
2025-08-01 18:08:18,793 - EduRAG - INFO - 开始预处理文本
2025-08-01 18:08:18,793 - EduRAG - INFO - 开始预处理文本
2025-08-01 18:08:18,794 - EduRAG - INFO - 开始预处理文本
2025-08-01 18:08:18,794 - EduRAG - INFO - 开始预处理文本
2025-08-01 18:08:18,794 - EduRAG - INFO - 开始预处理文本
2025-08-01 18:08:18,794 - EduRAG - INFO - 开始预处理文本
2025-08-01 18:08:18,794 - EduRAG - INFO - 开始预处理文本
2025-08-01 18:08:18,794 - EduRAG - INFO - 开始预处理文本
2025-08-01 18:08:18,794 - EduRAG - INFO - 开始预处理文本
2025-08-01 18:08:18,794 - EduRAG - INFO - 开始预处理文本
2025-08-01 18:08:18,794 - EduRAG - INFO - 开始预处理文本
2025-08-01 18:08:18,794 - EduRAG - INFO - 开始预处理文本
2025-08-01 18:08:18,794 - EduRAG - INFO - 开始预处理文本
2025-08-01 18:08:18,794 - EduRAG - INFO - 开始预处理文本
2025-08-01 18:08:18,794 - EduRAG - INFO - 开始预处理文本
2025-08-01 18:08:18,794 - EduRAG - INFO - 开始预处理文本
2025-08-01 18:08:18,794 - EduRAG - INFO - 开始预处理文本
2025-08-01 18:08:18,794 - EduRAG - INFO - 开始预处理文本
2025-08-01 18:08:18,794 - EduRAG - INFO - 开始预处理文本
2025-08-01 18:08:18,794 - EduRAG - INFO - 开始预处理文本
2025-08-01 18:08:18,794 - EduRAG - INFO - 开始预处理文本
2025-08-01 18:08:18,794 - EduRAG - INFO - 开始预处理文本
2025-08-01 18:08:18,795 - EduRAG - INFO - 开始预处理文本
2025-08-01 18:08:18,795 - EduRAG - INFO - 开始预处理文本
2025-08-01 18:08:18,795 - EduRAG - INFO - 开始预处理文本
2025-08-01 18:08:18,795 - EduRAG - INFO - 开始预处理文本
2025-08-01 18:08:18,795 - EduRAG - INFO - 开始预处理文本
2025-08-01 18:08:18,802 - EduRAG - INFO - 存储数据到 Redis: qa_original_questions
2025-08-01 18:08:18,806 - EduRAG - INFO - 存储数据到 Redis: qa_tokenized_questions
2025-08-01 18:08:29,715 - EduRAG - INFO - Redis 连接成功
2025-08-01 18:08:29,725 - EduRAG - INFO - MySQL 连接成功
2025-08-01 18:10:08,948 - EduRAG - INFO - Redis 连接成功
2025-08-01 18:10:08,964 - EduRAG - INFO - MySQL 连接成功
2025-08-01 18:10:08,978 - EduRAG - INFO - BM25 模型初始化完成
2025-08-02 07:48:01,145 - EduRAG - INFO - 开始预处理文本
2025-08-02 07:48:40,084 - EduRAG - INFO - 开始预处理文本
2025-08-02 07:50:26,561 - EduRAG - INFO - Redis 连接成功
2025-08-02 07:50:26,614 - EduRAG - INFO - MySQL 连接成功
2025-08-02 07:50:26,624 - EduRAG - INFO - BM25 模型初始化完成
2025-08-02 09:00:13,771 - EduRAG - INFO - Redis 连接成功
2025-08-02 09:00:13,829 - EduRAG - INFO - MySQL 连接成功
2025-08-02 09:00:13,842 - EduRAG - INFO - BM25 模型初始化完成
2025-08-02 09:00:38,312 - EduRAG - INFO - Redis 连接成功
2025-08-02 09:00:38,319 - EduRAG - INFO - MySQL 连接成功
2025-08-02 09:00:38,328 - EduRAG - INFO - BM25 模型初始化完成
2025-08-02 09:15:21,158 - EduRAG - INFO - Redis 连接成功
2025-08-02 09:15:21,171 - EduRAG - INFO - MySQL 连接成功
2025-08-02 09:15:21,179 - EduRAG - INFO - BM25 模型初始化完成
2025-08-02 09:15:21,180 - EduRAG - INFO - 开始预处理文本
2025-08-02 09:15:40,896 - EduRAG - INFO - Redis 连接成功
2025-08-02 09:15:40,906 - EduRAG - INFO - MySQL 连接成功
2025-08-02 09:15:40,916 - EduRAG - INFO - BM25 模型初始化完成
2025-08-02 09:15:40,917 - EduRAG - INFO - 开始预处理文本
2025-08-02 09:27:17,917 - EduRAG - INFO - Redis 连接成功
2025-08-02 09:27:17,935 - EduRAG - INFO - MySQL 连接成功
2025-08-02 09:27:17,942 - EduRAG - INFO - BM25 模型初始化完成
2025-08-02 09:27:17,943 - EduRAG - INFO - 开始预处理文本
2025-08-02 09:50:28,577 - EduRAG - INFO - Redis 连接成功
2025-08-02 09:50:28,593 - EduRAG - INFO - MySQL 连接成功
2025-08-02 09:50:28,603 - EduRAG - INFO - BM25 模型初始化完成
2025-08-02 09:50:28,604 - EduRAG - INFO - 开始预处理文本
2025-08-02 09:51:01,022 - EduRAG - INFO - Redis 连接成功
2025-08-02 09:51:01,036 - EduRAG - INFO - MySQL 连接成功
2025-08-02 09:51:01,045 - EduRAG - INFO - BM25 模型初始化完成
2025-08-02 09:51:01,046 - EduRAG - INFO - 开始预处理文本
2025-08-02 09:52:42,558 - EduRAG - INFO - Redis 连接成功
2025-08-02 09:52:42,566 - EduRAG - INFO - MySQL 连接成功
2025-08-02 09:52:42,573 - EduRAG - INFO - BM25 模型初始化完成
2025-08-02 09:52:42,576 - EduRAG - INFO - 开始预处理文本
2025-08-02 09:52:58,853 - EduRAG - INFO - Redis 连接成功
2025-08-02 09:52:58,862 - EduRAG - INFO - MySQL 连接成功
2025-08-02 09:52:58,868 - EduRAG - INFO - BM25 模型初始化完成
2025-08-02 09:52:58,868 - EduRAG - INFO - 开始预处理文本
2025-08-02 09:57:41,416 - EduRAG - INFO - Redis 连接成功
2025-08-02 09:57:41,428 - EduRAG - INFO - MySQL 连接成功
2025-08-02 09:57:41,434 - EduRAG - INFO - BM25 模型初始化完成
2025-08-02 09:57:41,436 - EduRAG - INFO - 开始预处理文本
2025-08-02 09:57:41,830 - EduRAG - INFO - 存储数据到 Redis: answer:VMware安装VMware时显示灰色如何解决
2025-08-02 09:57:41,830 - EduRAG - INFO - 搜索成功，Softamx相似度：1.000
2025-08-02 09:58:05,436 - EduRAG - INFO - Redis 连接成功
2025-08-02 09:58:05,446 - EduRAG - INFO - MySQL 连接成功
2025-08-02 09:58:05,455 - EduRAG - INFO - BM25 模型初始化完成
2025-08-02 09:58:05,456 - EduRAG - INFO - 从 Redis 获取答案: VMware安装VMware时显示灰色如何解决
2025-08-02 10:18:16,180 - EduRAG - INFO - MySQL 连接成功
2025-08-02 10:18:16,181 - EduRAG - INFO - Redis 连接成功
2025-08-02 10:18:16,195 - EduRAG - INFO - BM25 模型初始化完成
2025-08-02 10:27:27,512 - EduRAG - INFO - MySQL 连接成功
2025-08-02 10:27:27,513 - EduRAG - INFO - Redis 连接成功
2025-08-02 10:27:27,520 - EduRAG - INFO - BM25 模型初始化完成
2025-08-02 10:27:27,520 - EduRAG - INFO - 处理查询：VMware安装VMware时显示灰色如何解决
2025-08-02 10:27:27,528 - EduRAG - INFO - 从 Redis 获取答案: VMware安装VMware时显示灰色如何解决
2025-08-02 10:27:27,529 - EduRAG - INFO - Mysql答案："1.关闭虚拟机；\n\n2.在虚拟机设置分别设置CD/DVD、CD/DVD2和软盘为自动检测三个步骤即可；\n\n3.再重启虚拟机，灰色字即点亮。"
2025-08-02 10:27:27,529 - EduRAG - INFO - 查询处理的耗时：0.01秒
2025-08-02 10:55:07,511 - EduRAG - INFO - MySQL 连接成功
2025-08-02 10:55:07,513 - EduRAG - INFO - Redis 连接成功
2025-08-02 10:55:07,527 - EduRAG - INFO - BM25 模型初始化完成
2025-08-02 10:55:33,356 - EduRAG - INFO - 处理查询：什么是张三
2025-08-02 10:55:33,365 - EduRAG - INFO - 开始预处理文本
2025-08-02 10:55:33,722 - EduRAG - INFO - 未找到可靠答案，最高 Softmax 相似度: 0.188
2025-08-02 10:55:33,722 - EduRAG - INFO - SQL中未找到答案，需要调用RAG系统
2025-08-02 10:55:33,722 - EduRAG - INFO - 查询处理的耗时：0.37秒
2025-08-02 10:56:02,057 - EduRAG - INFO - 处理查询：使用crawlspider历史数据请求多
2025-08-02 10:56:02,061 - EduRAG - INFO - 开始预处理文本
2025-08-02 10:56:02,100 - EduRAG - INFO - 存储数据到 Redis: answer:使用crawlspider历史数据请求多
2025-08-02 10:56:02,100 - EduRAG - INFO - 搜索成功，Softamx相似度：1.000
2025-08-02 10:56:02,101 - EduRAG - INFO - Mysql答案：原因：

由于提取规则的问题导致2中链接都被提取到

 

解决方法：

修改提取规则

修改后的提取链接：

    Rule(LinkExtractor(allow=r'daydata\.php\?city=.+?&month=\d{4}-\d+'), follow=False, callback='parse_day')

建议：

    在使用crawler spider的时候构建提取规则的时候的提取规则一定要严谨，如果不严谨会导致出现类似的 提取链接多、提取链接缺失等问题，遇到类似的问题先考虑提取规则的问题
2025-08-02 10:56:02,101 - EduRAG - INFO - 查询处理的耗时：0.04秒
2025-08-02 10:56:20,532 - EduRAG - INFO - 退出Mysql系统
2025-08-02 10:56:20,535 - EduRAG - INFO - MySQL 连接已关闭
2025-08-02 10:56:38,305 - EduRAG - INFO - MySQL 连接成功
2025-08-02 10:56:38,307 - EduRAG - INFO - Redis 连接成功
2025-08-02 10:56:38,316 - EduRAG - INFO - BM25 模型初始化完成
2025-08-02 10:56:47,885 - EduRAG - INFO - 处理查询：VMware安装VMware时显示灰色如何解决
2025-08-02 10:56:47,889 - EduRAG - INFO - 从 Redis 获取答案: VMware安装VMware时显示灰色如何解决
2025-08-02 10:56:47,889 - EduRAG - INFO - Mysql答案："1.关闭虚拟机；\n\n2.在虚拟机设置分别设置CD/DVD、CD/DVD2和软盘为自动检测三个步骤即可；\n\n3.再重启虚拟机，灰色字即点亮。"
2025-08-02 10:56:47,889 - EduRAG - INFO - 查询处理的耗时：0.00秒
2025-08-02 10:57:06,483 - EduRAG - INFO - 退出Mysql系统
2025-08-02 10:57:06,485 - EduRAG - INFO - MySQL 连接已关闭
2025-08-02 18:14:59,788 - EduRAG - INFO - 文件加载错误：cannot open empty document
2025-08-02 18:21:45,557 - EduRAG - INFO - 成功加载文件: /Users/ligang/Desktop/EduRAG课堂资料/codes/integrated_qa_system/rag_qa/data/ai_data/LLM基础知识.pdf
2025-08-03 08:48:26,773 - EduRAG - INFO - 成功加载文件: /Users/ligang/Desktop/EduRAG课堂资料/codes/integrated_qa_system/rag_qa/data/ai_data/LLM基础知识.pdf
2025-08-03 08:48:31,158 - EduRAG - INFO - 成功加载文件: /Users/ligang/Desktop/EduRAG课堂资料/codes/integrated_qa_system/rag_qa/data/ai_data/人工智能就业课课程大纲.md
2025-08-03 08:49:16,657 - EduRAG - INFO - 成功加载文件: /Users/ligang/Desktop/EduRAG课堂资料/codes/integrated_qa_system/rag_qa/data/ai_data/LLM基础知识.pdf
2025-08-03 08:49:20,546 - EduRAG - INFO - 成功加载文件: /Users/ligang/Desktop/EduRAG课堂资料/codes/integrated_qa_system/rag_qa/data/ai_data/人工智能就业课课程大纲.md
2025-08-03 08:49:20,546 - EduRAG - INFO - 加载的文档数量: 2
2025-08-03 08:51:06,497 - EduRAG - INFO - 成功加载文件: /Users/ligang/Desktop/EduRAG课堂资料/codes/integrated_qa_system/rag_qa/data/ai_data/LLM基础知识.pdf
2025-08-03 08:51:09,200 - EduRAG - INFO - 成功加载文件: /Users/ligang/Desktop/EduRAG课堂资料/codes/integrated_qa_system/rag_qa/data/ai_data/人工智能就业课课程大纲.md
2025-08-03 08:51:09,200 - EduRAG - INFO - 加载的文档数量: 2
2025-08-03 08:52:04,500 - EduRAG - INFO - 成功加载文件: /Users/ligang/Desktop/EduRAG课堂资料/codes/integrated_qa_system/rag_qa/data/ai_data/LLM基础知识.pdf
2025-08-03 08:52:07,074 - EduRAG - INFO - 成功加载文件: /Users/ligang/Desktop/EduRAG课堂资料/codes/integrated_qa_system/rag_qa/data/ai_data/人工智能就业课课程大纲.md
2025-08-03 08:52:07,074 - EduRAG - INFO - 加载的文档数量: 2
2025-08-03 08:52:27,024 - EduRAG - INFO - 成功加载文件: /Users/ligang/Desktop/EduRAG课堂资料/codes/integrated_qa_system/rag_qa/data/ai_data/LLM基础知识.pdf
2025-08-03 08:52:29,689 - EduRAG - INFO - 成功加载文件: /Users/ligang/Desktop/EduRAG课堂资料/codes/integrated_qa_system/rag_qa/data/ai_data/人工智能就业课课程大纲.md
2025-08-03 08:52:29,689 - EduRAG - INFO - 加载的文档数量: 2
2025-08-03 08:52:29,689 - EduRAG - INFO - 处理文档: /Users/ligang/Desktop/EduRAG课堂资料/codes/integrated_qa_system/rag_qa/data/ai_data/LLM基础知识.pdf, 使用切分器: ChineseRecursive
2025-08-03 08:55:07,580 - EduRAG - INFO - 成功加载文件: /Users/ligang/Desktop/EduRAG课堂资料/codes/integrated_qa_system/rag_qa/data/ai_data/LLM基础知识.pdf
2025-08-03 08:55:10,734 - EduRAG - INFO - 成功加载文件: /Users/ligang/Desktop/EduRAG课堂资料/codes/integrated_qa_system/rag_qa/data/ai_data/人工智能就业课课程大纲.md
2025-08-03 08:55:10,734 - EduRAG - INFO - 加载的文档数量: 2
2025-08-03 08:55:10,734 - EduRAG - INFO - 处理文档: /Users/ligang/Desktop/EduRAG课堂资料/codes/integrated_qa_system/rag_qa/data/ai_data/LLM基础知识.pdf, 使用切分器: ChineseRecursive
2025-08-03 08:55:33,777 - EduRAG - INFO - 成功加载文件: /Users/ligang/Desktop/EduRAG课堂资料/codes/integrated_qa_system/rag_qa/data/ai_data/LLM基础知识.pdf
2025-08-03 08:55:36,464 - EduRAG - INFO - 成功加载文件: /Users/ligang/Desktop/EduRAG课堂资料/codes/integrated_qa_system/rag_qa/data/ai_data/人工智能就业课课程大纲.md
2025-08-03 08:55:36,465 - EduRAG - INFO - 加载的文档数量: 2
2025-08-03 08:55:36,465 - EduRAG - INFO - 处理文档: /Users/ligang/Desktop/EduRAG课堂资料/codes/integrated_qa_system/rag_qa/data/ai_data/LLM基础知识.pdf, 使用切分器: ChineseRecursive
2025-08-03 09:04:48,557 - EduRAG - INFO - 成功加载文件: /Users/ligang/Desktop/EduRAG课堂资料/codes/integrated_qa_system/rag_qa/data/ai_data/LLM基础知识.pdf
2025-08-03 09:04:51,146 - EduRAG - INFO - 成功加载文件: /Users/ligang/Desktop/EduRAG课堂资料/codes/integrated_qa_system/rag_qa/data/ai_data/人工智能就业课课程大纲.md
2025-08-03 09:04:51,146 - EduRAG - INFO - 加载的文档数量: 2
2025-08-03 09:04:51,146 - EduRAG - INFO - 处理文档: /Users/ligang/Desktop/EduRAG课堂资料/codes/integrated_qa_system/rag_qa/data/ai_data/LLM基础知识.pdf, 使用切分器: ChineseRecursive
2025-08-03 17:41:12,083 - EduRAG - INFO - 成功加载文件: /Users/ligang/Desktop/EduRAG课堂资料/codes/integrated_qa_system/rag_qa/data/ai_data/LLM基础知识.pdf
2025-08-03 17:41:14,810 - EduRAG - INFO - 成功加载文件: /Users/ligang/Desktop/EduRAG课堂资料/codes/integrated_qa_system/rag_qa/data/ai_data/人工智能就业课课程大纲.md
2025-08-03 17:41:14,810 - EduRAG - INFO - 加载的文档数量: 2
2025-08-03 17:41:14,810 - EduRAG - INFO - 处理文档: /Users/ligang/Desktop/EduRAG课堂资料/codes/integrated_qa_system/rag_qa/data/ai_data/LLM基础知识.pdf, 使用切分器: ChineseRecursive
2025-08-03 17:41:14,811 - EduRAG - INFO - 处理文档: /Users/ligang/Desktop/EduRAG课堂资料/codes/integrated_qa_system/rag_qa/data/ai_data/人工智能就业课课程大纲.md, 使用切分器: Markdown
2025-08-03 17:41:14,812 - EduRAG - INFO - 子块数量: 86
2025-08-03 17:42:16,384 - EduRAG - INFO - 成功加载文件: /Users/ligang/Desktop/EduRAG课堂资料/codes/integrated_qa_system/rag_qa/data/ai_data/LLM基础知识.pdf
2025-08-03 17:42:19,094 - EduRAG - INFO - 成功加载文件: /Users/ligang/Desktop/EduRAG课堂资料/codes/integrated_qa_system/rag_qa/data/ai_data/人工智能就业课课程大纲.md
2025-08-03 17:42:19,094 - EduRAG - INFO - 加载的文档数量: 2
2025-08-03 17:42:19,094 - EduRAG - INFO - 处理文档: /Users/ligang/Desktop/EduRAG课堂资料/codes/integrated_qa_system/rag_qa/data/ai_data/LLM基础知识.pdf, 使用切分器: ChineseRecursive
2025-08-03 17:42:19,095 - EduRAG - INFO - 处理文档: /Users/ligang/Desktop/EduRAG课堂资料/codes/integrated_qa_system/rag_qa/data/ai_data/人工智能就业课课程大纲.md, 使用切分器: Markdown
2025-08-03 17:42:19,096 - EduRAG - INFO - 子块数量: 86
2025-08-04 09:42:22,252 - EduRAG - INFO - 成功加载文件: /Users/ligang/Desktop/EduRAG课堂资料/codes/integrated_qa_system/rag_qa/data/ai_data/LLM基础知识.pdf
2025-08-04 09:42:25,398 - EduRAG - INFO - 成功加载文件: /Users/ligang/Desktop/EduRAG课堂资料/codes/integrated_qa_system/rag_qa/data/ai_data/人工智能就业课课程大纲.md
2025-08-04 09:42:25,398 - EduRAG - INFO - 加载的文档数量: 2
2025-08-04 09:45:45,413 - EduRAG - INFO - 成功加载文件: /Users/ligang/Desktop/EduRAG课堂资料/codes/integrated_qa_system/rag_qa/data/ai_data/LLM基础知识.pdf
2025-08-04 09:45:48,228 - EduRAG - INFO - 成功加载文件: /Users/ligang/Desktop/EduRAG课堂资料/codes/integrated_qa_system/rag_qa/data/ai_data/人工智能就业课课程大纲.md
2025-08-04 09:45:48,228 - EduRAG - INFO - 加载的文档数量: 2
2025-08-04 09:47:48,510 - EduRAG - INFO - 成功加载文件: /Users/ligang/Desktop/EduRAG课堂资料/codes/integrated_qa_system/rag_qa/data/ai_data/LLM基础知识.pdf
2025-08-04 09:47:51,391 - EduRAG - INFO - 成功加载文件: /Users/ligang/Desktop/EduRAG课堂资料/codes/integrated_qa_system/rag_qa/data/ai_data/人工智能就业课课程大纲.md
2025-08-04 09:47:51,391 - EduRAG - INFO - 加载的文档数量: 2
2025-08-04 09:49:22,581 - EduRAG - INFO - 成功加载文件: /Users/ligang/Desktop/EduRAG课堂资料/codes/integrated_qa_system/rag_qa/data/ai_data/LLM基础知识.pdf
2025-08-04 09:49:25,352 - EduRAG - INFO - 成功加载文件: /Users/ligang/Desktop/EduRAG课堂资料/codes/integrated_qa_system/rag_qa/data/ai_data/人工智能就业课课程大纲.md
2025-08-04 09:49:25,353 - EduRAG - INFO - 加载的文档数量: 2
2025-08-04 09:51:09,603 - EduRAG - INFO - 成功加载文件: /Users/ligang/Desktop/EduRAG课堂资料/codes/integrated_qa_system/rag_qa/data/ai_data/LLM基础知识.pdf
2025-08-04 09:51:12,541 - EduRAG - INFO - 成功加载文件: /Users/ligang/Desktop/EduRAG课堂资料/codes/integrated_qa_system/rag_qa/data/ai_data/人工智能就业课课程大纲.md
2025-08-04 09:51:12,541 - EduRAG - INFO - 加载的文档数量: 2
2025-08-04 09:51:12,541 - EduRAG - INFO - 处理文档: /Users/ligang/Desktop/EduRAG课堂资料/codes/integrated_qa_system/rag_qa/data/ai_data/LLM基础知识.pdf, 使用切分器: ChineseRecursive
2025-08-04 10:00:07,678 - EduRAG - INFO - 成功加载文件: /Users/ligang/Desktop/EduRAG课堂资料/codes/integrated_qa_system/rag_qa/data/ai_data/LLM基础知识.pdf
2025-08-04 10:00:10,795 - EduRAG - INFO - 成功加载文件: /Users/ligang/Desktop/EduRAG课堂资料/codes/integrated_qa_system/rag_qa/data/ai_data/人工智能就业课课程大纲.md
2025-08-04 10:00:10,795 - EduRAG - INFO - 加载的文档数量: 2
2025-08-04 10:00:10,795 - EduRAG - INFO - 处理文档: /Users/ligang/Desktop/EduRAG课堂资料/codes/integrated_qa_system/rag_qa/data/ai_data/LLM基础知识.pdf, 使用切分器: ChineseRecursive
2025-08-04 10:00:36,942 - EduRAG - INFO - 成功加载文件: /Users/ligang/Desktop/EduRAG课堂资料/codes/integrated_qa_system/rag_qa/data/ai_data/LLM基础知识.pdf
2025-08-04 10:00:39,719 - EduRAG - INFO - 成功加载文件: /Users/ligang/Desktop/EduRAG课堂资料/codes/integrated_qa_system/rag_qa/data/ai_data/人工智能就业课课程大纲.md
2025-08-04 10:00:39,719 - EduRAG - INFO - 加载的文档数量: 2
2025-08-04 10:00:39,719 - EduRAG - INFO - 处理文档: /Users/ligang/Desktop/EduRAG课堂资料/codes/integrated_qa_system/rag_qa/data/ai_data/LLM基础知识.pdf, 使用切分器: ChineseRecursive
2025-08-04 10:03:51,511 - EduRAG - INFO - 成功加载文件: /Users/ligang/Desktop/EduRAG课堂资料/codes/integrated_qa_system/rag_qa/data/ai_data/LLM基础知识.pdf
2025-08-04 10:03:54,294 - EduRAG - INFO - 成功加载文件: /Users/ligang/Desktop/EduRAG课堂资料/codes/integrated_qa_system/rag_qa/data/ai_data/人工智能就业课课程大纲.md
2025-08-04 10:03:54,294 - EduRAG - INFO - 加载的文档数量: 2
2025-08-04 10:03:54,294 - EduRAG - INFO - 处理文档: /Users/ligang/Desktop/EduRAG课堂资料/codes/integrated_qa_system/rag_qa/data/ai_data/LLM基础知识.pdf, 使用切分器: ChineseRecursive
2025-08-04 10:10:04,678 - EduRAG - INFO - 成功加载文件: /Users/ligang/Desktop/EduRAG课堂资料/codes/integrated_qa_system/rag_qa/data/ai_data/LLM基础知识.pdf
2025-08-04 10:10:07,811 - EduRAG - INFO - 成功加载文件: /Users/ligang/Desktop/EduRAG课堂资料/codes/integrated_qa_system/rag_qa/data/ai_data/人工智能就业课课程大纲.md
2025-08-04 10:10:07,811 - EduRAG - INFO - 加载的文档数量: 2
2025-08-04 10:10:07,811 - EduRAG - INFO - 处理文档: /Users/ligang/Desktop/EduRAG课堂资料/codes/integrated_qa_system/rag_qa/data/ai_data/LLM基础知识.pdf, 使用切分器: ChineseRecursive
2025-08-04 10:10:30,021 - EduRAG - INFO - 成功加载文件: /Users/ligang/Desktop/EduRAG课堂资料/codes/integrated_qa_system/rag_qa/data/ai_data/LLM基础知识.pdf
2025-08-04 10:10:32,749 - EduRAG - INFO - 成功加载文件: /Users/ligang/Desktop/EduRAG课堂资料/codes/integrated_qa_system/rag_qa/data/ai_data/人工智能就业课课程大纲.md
2025-08-04 10:10:32,749 - EduRAG - INFO - 加载的文档数量: 2
2025-08-04 10:10:32,749 - EduRAG - INFO - 处理文档: /Users/ligang/Desktop/EduRAG课堂资料/codes/integrated_qa_system/rag_qa/data/ai_data/LLM基础知识.pdf, 使用切分器: ChineseRecursive
2025-08-04 10:13:04,628 - EduRAG - INFO - 成功加载文件: /Users/ligang/Desktop/EduRAG课堂资料/codes/integrated_qa_system/rag_qa/data/ai_data/LLM基础知识.pdf
2025-08-04 10:13:07,533 - EduRAG - INFO - 成功加载文件: /Users/ligang/Desktop/EduRAG课堂资料/codes/integrated_qa_system/rag_qa/data/ai_data/人工智能就业课课程大纲.md
2025-08-04 10:13:07,533 - EduRAG - INFO - 加载的文档数量: 2
2025-08-04 10:13:07,533 - EduRAG - INFO - 处理文档: /Users/ligang/Desktop/EduRAG课堂资料/codes/integrated_qa_system/rag_qa/data/ai_data/LLM基础知识.pdf, 使用切分器: ChineseRecursive
2025-08-04 10:13:07,534 - EduRAG - INFO - 处理文档: /Users/ligang/Desktop/EduRAG课堂资料/codes/integrated_qa_system/rag_qa/data/ai_data/人工智能就业课课程大纲.md, 使用切分器: Markdown
2025-08-04 10:13:07,535 - EduRAG - INFO - 子块数量: 86
2025-08-04 10:15:53,623 - EduRAG - INFO - 成功加载文件: /Users/ligang/Desktop/EduRAG课堂资料/codes/integrated_qa_system/rag_qa/data/ai_data/LLM基础知识.pdf
2025-08-04 10:15:56,721 - EduRAG - INFO - 成功加载文件: /Users/ligang/Desktop/EduRAG课堂资料/codes/integrated_qa_system/rag_qa/data/ai_data/人工智能就业课课程大纲.md
2025-08-04 10:15:56,721 - EduRAG - INFO - 加载的文档数量: 2
2025-08-04 10:15:56,721 - EduRAG - INFO - 处理文档: /Users/ligang/Desktop/EduRAG课堂资料/codes/integrated_qa_system/rag_qa/data/ai_data/LLM基础知识.pdf, 使用切分器: ChineseRecursive
2025-08-04 10:15:56,722 - EduRAG - INFO - 处理文档: /Users/ligang/Desktop/EduRAG课堂资料/codes/integrated_qa_system/rag_qa/data/ai_data/人工智能就业课课程大纲.md, 使用切分器: Markdown
2025-08-04 10:15:56,723 - EduRAG - INFO - 子块数量: 86
2025-08-04 14:56:53,884 - EduRAG - INFO - 使用设置：cpu
2025-08-04 14:58:34,731 - EduRAG - INFO - 使用设置：cpu
2025-08-04 14:59:37,458 - EduRAG - INFO - 使用设置：cpu
2025-08-04 15:00:25,683 - EduRAG - INFO - 使用设置：cpu
2025-08-04 15:11:15,741 - EduRAG - INFO - 使用设置：cpu
2025-08-04 15:11:23,880 - EduRAG - INFO - 使用设置：cpu
2025-08-04 15:21:51,366 - EduRAG - INFO - 使用设置：cpu
2025-08-04 15:21:57,240 - EduRAG - INFO - 已创建集合 edurag_final
2025-08-04 15:51:54,989 - EduRAG - INFO - 使用设置：cpu
2025-08-04 15:51:57,723 - EduRAG - INFO - 已加载集合 edurag_final
2025-08-04 15:51:58,264 - EduRAG - INFO - 成功加载文件: /Users/ligang/Desktop/EduRAG课堂资料/codes/integrated_qa_system/rag_qa/data/ai_data/LLM基础知识.pdf
2025-08-04 15:52:04,620 - EduRAG - INFO - 成功加载文件: /Users/ligang/Desktop/EduRAG课堂资料/codes/integrated_qa_system/rag_qa/data/ai_data/人工智能就业课课程大纲.md
2025-08-04 15:52:04,620 - EduRAG - INFO - 加载的文档数量: 2
2025-08-04 15:52:04,620 - EduRAG - INFO - 处理文档: /Users/ligang/Desktop/EduRAG课堂资料/codes/integrated_qa_system/rag_qa/data/ai_data/LLM基础知识.pdf, 使用切分器: ChineseRecursive
2025-08-04 15:52:04,621 - EduRAG - INFO - 处理文档: /Users/ligang/Desktop/EduRAG课堂资料/codes/integrated_qa_system/rag_qa/data/ai_data/人工智能就业课课程大纲.md, 使用切分器: Markdown
2025-08-04 15:52:04,622 - EduRAG - INFO - 子块数量: 86
2025-08-04 16:08:12,639 - EduRAG - INFO - 使用设置：cpu
2025-08-04 16:08:15,252 - EduRAG - INFO - 已加载集合 edurag_final
2025-08-04 16:08:15,876 - EduRAG - INFO - 成功加载文件: /Users/ligang/Desktop/EduRAG课堂资料/codes/integrated_qa_system/rag_qa/data/ai_data/LLM基础知识.pdf
2025-08-04 16:08:18,884 - EduRAG - INFO - 成功加载文件: /Users/ligang/Desktop/EduRAG课堂资料/codes/integrated_qa_system/rag_qa/data/ai_data/人工智能就业课课程大纲.md
2025-08-04 16:08:18,884 - EduRAG - INFO - 加载的文档数量: 2
2025-08-04 16:08:18,884 - EduRAG - INFO - 处理文档: /Users/ligang/Desktop/EduRAG课堂资料/codes/integrated_qa_system/rag_qa/data/ai_data/LLM基础知识.pdf, 使用切分器: ChineseRecursive
2025-08-04 16:08:18,885 - EduRAG - INFO - 处理文档: /Users/ligang/Desktop/EduRAG课堂资料/codes/integrated_qa_system/rag_qa/data/ai_data/人工智能就业课课程大纲.md, 使用切分器: Markdown
2025-08-04 16:08:18,886 - EduRAG - INFO - 子块数量: 86
2025-08-04 16:11:48,776 - EduRAG - INFO - 使用设置：cpu
2025-08-04 16:11:51,288 - EduRAG - INFO - 已加载集合 edurag_final
2025-08-04 16:11:51,748 - EduRAG - INFO - 成功加载文件: /Users/ligang/Desktop/EduRAG课堂资料/codes/integrated_qa_system/rag_qa/data/ai_data/LLM基础知识.pdf
2025-08-04 16:11:54,424 - EduRAG - INFO - 成功加载文件: /Users/ligang/Desktop/EduRAG课堂资料/codes/integrated_qa_system/rag_qa/data/ai_data/人工智能就业课课程大纲.md
2025-08-04 16:11:54,424 - EduRAG - INFO - 加载的文档数量: 2
2025-08-04 16:11:54,424 - EduRAG - INFO - 处理文档: /Users/ligang/Desktop/EduRAG课堂资料/codes/integrated_qa_system/rag_qa/data/ai_data/LLM基础知识.pdf, 使用切分器: ChineseRecursive
2025-08-04 16:11:54,425 - EduRAG - INFO - 处理文档: /Users/ligang/Desktop/EduRAG课堂资料/codes/integrated_qa_system/rag_qa/data/ai_data/人工智能就业课课程大纲.md, 使用切分器: Markdown
2025-08-04 16:11:54,427 - EduRAG - INFO - 子块数量: 86
2025-08-04 16:15:40,268 - EduRAG - INFO - 使用设置：cpu
2025-08-04 16:15:42,723 - EduRAG - INFO - 已加载集合 edurag_final
2025-08-04 16:15:43,145 - EduRAG - INFO - 成功加载文件: /Users/ligang/Desktop/EduRAG课堂资料/codes/integrated_qa_system/rag_qa/data/ai_data/LLM基础知识.pdf
2025-08-04 16:15:46,182 - EduRAG - INFO - 成功加载文件: /Users/ligang/Desktop/EduRAG课堂资料/codes/integrated_qa_system/rag_qa/data/ai_data/人工智能就业课课程大纲.md
2025-08-04 16:15:46,182 - EduRAG - INFO - 加载的文档数量: 2
2025-08-04 16:15:46,182 - EduRAG - INFO - 处理文档: /Users/ligang/Desktop/EduRAG课堂资料/codes/integrated_qa_system/rag_qa/data/ai_data/LLM基础知识.pdf, 使用切分器: ChineseRecursive
2025-08-04 16:15:46,183 - EduRAG - INFO - 处理文档: /Users/ligang/Desktop/EduRAG课堂资料/codes/integrated_qa_system/rag_qa/data/ai_data/人工智能就业课课程大纲.md, 使用切分器: Markdown
2025-08-04 16:15:46,184 - EduRAG - INFO - 子块数量: 86
2025-08-04 16:17:44,261 - EduRAG - INFO - 使用设置：cpu
2025-08-04 16:17:46,735 - EduRAG - INFO - 已加载集合 edurag_final
2025-08-04 16:17:47,182 - EduRAG - INFO - 成功加载文件: /Users/ligang/Desktop/EduRAG课堂资料/codes/integrated_qa_system/rag_qa/data/ai_data/LLM基础知识.pdf
2025-08-04 16:17:53,262 - EduRAG - INFO - 成功加载文件: /Users/ligang/Desktop/EduRAG课堂资料/codes/integrated_qa_system/rag_qa/data/ai_data/人工智能就业课课程大纲.md
2025-08-04 16:17:53,262 - EduRAG - INFO - 加载的文档数量: 2
2025-08-04 16:17:53,262 - EduRAG - INFO - 处理文档: /Users/ligang/Desktop/EduRAG课堂资料/codes/integrated_qa_system/rag_qa/data/ai_data/LLM基础知识.pdf, 使用切分器: ChineseRecursive
2025-08-04 16:17:53,263 - EduRAG - INFO - 处理文档: /Users/ligang/Desktop/EduRAG课堂资料/codes/integrated_qa_system/rag_qa/data/ai_data/人工智能就业课课程大纲.md, 使用切分器: Markdown
2025-08-04 16:17:53,264 - EduRAG - INFO - 子块数量: 86
2025-08-04 16:21:50,481 - EduRAG - INFO - 使用设置：cpu
2025-08-04 16:21:53,001 - EduRAG - INFO - 已加载集合 edurag_final
2025-08-04 16:21:53,500 - EduRAG - INFO - 成功加载文件: /Users/ligang/Desktop/EduRAG课堂资料/codes/integrated_qa_system/rag_qa/data/ai_data/LLM基础知识.pdf
2025-08-04 16:21:56,701 - EduRAG - INFO - 成功加载文件: /Users/ligang/Desktop/EduRAG课堂资料/codes/integrated_qa_system/rag_qa/data/ai_data/人工智能就业课课程大纲.md
2025-08-04 16:21:56,701 - EduRAG - INFO - 加载的文档数量: 2
2025-08-04 16:21:56,701 - EduRAG - INFO - 处理文档: /Users/ligang/Desktop/EduRAG课堂资料/codes/integrated_qa_system/rag_qa/data/ai_data/LLM基础知识.pdf, 使用切分器: ChineseRecursive
2025-08-04 16:21:56,702 - EduRAG - INFO - 处理文档: /Users/ligang/Desktop/EduRAG课堂资料/codes/integrated_qa_system/rag_qa/data/ai_data/人工智能就业课课程大纲.md, 使用切分器: Markdown
2025-08-04 16:21:56,703 - EduRAG - INFO - 子块数量: 86
2025-08-04 16:22:04,403 - EduRAG - INFO - 已插入或更新 86 个文档
2025-08-04 16:50:45,424 - EduRAG - INFO - 使用设置：cpu
2025-08-04 16:50:48,242 - EduRAG - INFO - 已加载集合 edurag_final
2025-08-04 16:58:23,132 - EduRAG - INFO - 使用设置：cpu
2025-08-04 16:58:25,732 - EduRAG - INFO - 已加载集合 edurag_final
2025-08-04 16:59:00,482 - EduRAG - INFO - 使用设置：cpu
2025-08-04 16:59:02,903 - EduRAG - INFO - 已加载集合 edurag_final
2025-08-04 16:59:45,462 - EduRAG - INFO - 使用设置：cpu
2025-08-04 16:59:48,036 - EduRAG - INFO - 已加载集合 edurag_final
2025-08-04 17:00:55,455 - EduRAG - INFO - 使用设置：cpu
2025-08-04 17:00:57,877 - EduRAG - INFO - 已加载集合 edurag_final
2025-08-04 17:19:10,704 - EduRAG - INFO - 使用设置：cpu
2025-08-04 17:19:13,335 - EduRAG - INFO - 已加载集合 edurag_final
2025-08-04 17:38:53,071 - EduRAG - INFO - 使用设置：cpu
2025-08-04 17:38:55,650 - EduRAG - INFO - 已加载集合 edurag_final
2025-08-04 17:45:26,141 - EduRAG - INFO - 使用设置：cpu
2025-08-04 17:45:28,596 - EduRAG - INFO - 已加载集合 edurag_final
2025-08-04 17:46:23,755 - EduRAG - INFO - 使用设置：cpu
2025-08-04 17:46:26,267 - EduRAG - INFO - 已加载集合 edurag_final
2025-08-04 17:51:49,939 - EduRAG - INFO - 使用设置：cpu
2025-08-04 17:51:52,514 - EduRAG - INFO - 已加载集合 edurag_final
2025-08-04 17:59:32,821 - EduRAG - INFO - 使用设置：cpu
2025-08-04 17:59:35,396 - EduRAG - INFO - 已加载集合 edurag_final
2025-08-04 21:12:06,450 - EduRAG - INFO - 使用设置：cpu
2025-08-04 21:12:08,777 - EduRAG - INFO - 已加载集合 edurag_final
2025-08-04 21:29:15,595 - EduRAG - INFO - 使用设备: cpu
2025-08-04 21:29:35,733 - EduRAG - INFO - 初始化新 BERT 模型
2025-08-04 21:29:36,374 - EduRAG - INFO - 开始训练 BERT 模型...
2025-08-04 21:58:41,662 - EduRAG - INFO - 使用设备: cpu
2025-08-04 21:58:44,164 - EduRAG - INFO - 初始化新 BERT 模型
2025-08-04 21:58:44,867 - EduRAG - INFO - 开始训练 BERT 模型...
2025-08-04 21:59:15,207 - EduRAG - INFO - 模型保存至: bert_query_classifier
2025-08-04 21:59:15,603 - EduRAG - INFO - 分类报告:
2025-08-04 21:59:15,610 - EduRAG - INFO -               precision    recall  f1-score   support

        通用知识       1.00      0.96      0.98        25
        专业咨询       0.99      1.00      0.99        72

    accuracy                           0.99        97
   macro avg       0.99      0.98      0.99        97
weighted avg       0.99      0.99      0.99        97

2025-08-04 21:59:15,610 - EduRAG - INFO - 混淆矩阵:
2025-08-04 21:59:15,611 - EduRAG - INFO - [[24  1]
 [ 0 72]]
2025-08-04 22:08:57,471 - EduRAG - INFO - 使用设备: cpu
2025-08-04 22:08:59,401 - EduRAG - INFO - 初始化新 BERT 模型
2025-08-04 22:09:00,090 - EduRAG - INFO - 开始训练 BERT 模型...
2025-08-04 22:09:29,175 - EduRAG - INFO - 模型保存至: bert_query_classifier
2025-08-04 22:09:29,553 - EduRAG - INFO - 分类报告:
2025-08-04 22:09:29,559 - EduRAG - INFO -               precision    recall  f1-score   support

        通用知识       1.00      0.96      0.98        25
        专业咨询       0.99      1.00      0.99        72

    accuracy                           0.99        97
   macro avg       0.99      0.98      0.99        97
weighted avg       0.99      0.99      0.99        97

2025-08-04 22:09:29,560 - EduRAG - INFO - 混淆矩阵:
2025-08-04 22:09:29,562 - EduRAG - INFO - [[24  1]
 [ 0 72]]
2025-08-05 06:31:08,374 - EduRAG - INFO - 使用设备: cpu
2025-08-05 06:31:09,992 - EduRAG - INFO - 初始化新 BERT 模型
2025-08-05 06:31:10,783 - EduRAG - INFO - 开始训练 BERT 模型...
2025-08-05 06:35:18,104 - EduRAG - INFO - 使用设备: cpu
2025-08-05 06:35:19,665 - EduRAG - INFO - 初始化新 BERT 模型
2025-08-05 06:55:37,810 - EduRAG - INFO - 使用设备: cpu
2025-08-05 06:55:39,298 - EduRAG - INFO - 初始化新 BERT 模型
2025-08-05 06:55:55,075 - EduRAG - INFO - 使用设备: cpu
2025-08-05 06:55:56,517 - EduRAG - INFO - 初始化新 BERT 模型
2025-08-05 06:55:57,365 - EduRAG - INFO - 开始训练 BERT 模型...
2025-08-05 06:56:36,359 - EduRAG - INFO - 模型保存至: bert_query_classifier
2025-08-05 06:56:37,061 - EduRAG - INFO - 分类报告:
2025-08-05 06:56:37,071 - EduRAG - INFO -               precision    recall  f1-score   support

        通用知识       1.00      0.96      0.98        25
        专业咨询       0.99      1.00      0.99        72

    accuracy                           0.99        97
   macro avg       0.99      0.98      0.99        97
weighted avg       0.99      0.99      0.99        97

2025-08-05 06:56:37,071 - EduRAG - INFO - 混淆矩阵:
2025-08-05 06:56:37,133 - EduRAG - INFO - [[24  1]
 [ 0 72]]
2025-08-05 07:10:18,561 - EduRAG - INFO - 为查询 '你好吗' 选择的检索策略：直接检索
2025-08-05 07:12:49,788 - EduRAG - INFO - 使用设备: cpu
2025-08-05 07:12:49,846 - EduRAG - INFO - 加载模型: bert_query_classifier
2025-08-05 07:22:55,173 - EduRAG - INFO - 使用设置：cpu
2025-08-05 07:22:57,548 - EduRAG - INFO - 已加载集合 edurag_final
2025-08-05 07:22:57,572 - EduRAG - INFO - 使用设备: cpu
2025-08-05 07:22:57,619 - EduRAG - INFO - 加载模型: ./bert_query_classifier
2025-08-05 07:22:57,634 - EduRAG - INFO - 使用 HyDE 策略进行检索 (查询: '什么是AI')
2025-08-05 07:22:58,651 - EduRAG - INFO - HyDE 生成的假设答案: '假设答案: AI是人工智能的缩写，指由人创造的能够感知环境、学习知识、逻辑推理并执行任务的智能体。它广泛应用于语音识别、图像处理、自动驾驶等领域。'
2025-08-05 07:23:42,042 - EduRAG - INFO - 使用设置：cpu
2025-08-05 07:23:44,224 - EduRAG - INFO - 已加载集合 edurag_final
2025-08-05 07:23:44,246 - EduRAG - INFO - 使用设备: cpu
2025-08-05 07:23:44,294 - EduRAG - INFO - 加载模型: ./bert_query_classifier
2025-08-05 07:23:44,308 - EduRAG - INFO - 使用 HyDE 策略进行检索 (查询: '什么是AI')
2025-08-05 07:23:45,116 - EduRAG - INFO - HyDE 生成的假设答案: '假设答案: AI是人工智能的缩写，指由人创造的能够感知环境、学习知识、逻辑推理并执行任务的智能体。'
2025-08-05 07:24:21,082 - EduRAG - INFO - 使用设置：cpu
2025-08-05 07:24:23,372 - EduRAG - INFO - 已加载集合 edurag_final
2025-08-05 07:24:23,393 - EduRAG - INFO - 使用设备: cpu
2025-08-05 07:24:23,420 - EduRAG - INFO - 加载模型: ./bert_query_classifier
2025-08-05 07:24:23,435 - EduRAG - INFO - 使用子查询策略进行检索 (查询: '什么是AI和大模型有什么区别')
2025-08-05 07:24:26,608 - EduRAG - INFO - 生成的子查询: ['子查询:', '1. 什么是人工智能（AI）？', '2. 人工智能包含哪些主要技术或分支？', '3. 什么是大模型？', '4. 大模型主要应用在哪些领域？', '5. AI 和大模型在技术上有何不同？', '6. 大模型是否属于人工智能的一个部分？', '7. AI 和大模型的发展历史有何不同？', '8. 使用AI和使用大模型的典型场景有什么区别？']
2025-08-05 07:24:34,335 - EduRAG - INFO - 子查询 '子查询:' 检索到 2 个文档
2025-08-05 07:24:36,448 - EduRAG - INFO - 子查询 '1. 什么是人工智能（AI）？' 检索到 2 个文档
2025-08-05 07:24:38,814 - EduRAG - INFO - 子查询 '2. 人工智能包含哪些主要技术或分支？' 检索到 2 个文档
2025-08-05 07:24:41,162 - EduRAG - INFO - 子查询 '3. 什么是大模型？' 检索到 2 个文档
2025-08-05 07:24:43,456 - EduRAG - INFO - 子查询 '4. 大模型主要应用在哪些领域？' 检索到 2 个文档
2025-08-05 07:24:45,579 - EduRAG - INFO - 子查询 '5. AI 和大模型在技术上有何不同？' 检索到 2 个文档
2025-08-05 07:24:48,196 - EduRAG - INFO - 子查询 '6. 大模型是否属于人工智能的一个部分？' 检索到 2 个文档
2025-08-05 07:24:50,195 - EduRAG - INFO - 子查询 '7. AI 和大模型的发展历史有何不同？' 检索到 2 个文档
2025-08-05 07:24:52,539 - EduRAG - INFO - 子查询 '8. 使用AI和使用大模型的典型场景有什么区别？' 检索到 2 个文档
2025-08-05 07:24:52,539 - EduRAG - INFO - 所有子查询共检索到 18 个文档, 去重后剩 7 个
2025-08-05 07:25:20,030 - EduRAG - INFO - 使用设置：cpu
2025-08-05 07:25:22,248 - EduRAG - INFO - 已加载集合 edurag_final
2025-08-05 07:25:22,269 - EduRAG - INFO - 使用设备: cpu
2025-08-05 07:25:22,298 - EduRAG - INFO - 加载模型: ./bert_query_classifier
2025-08-05 07:25:22,312 - EduRAG - INFO - 使用回溯问题策略进行检索 (查询: 'AI能不能处理1w条数据')
2025-08-05 07:25:23,096 - EduRAG - INFO - 生成的回溯问题: '简化问题: AI可以处理多少条数据？'
2025-08-05 08:07:19,364 - EduRAG - INFO - 使用设置：cpu
2025-08-05 08:07:21,841 - EduRAG - INFO - 已加载集合 edurag_final
2025-08-05 10:25:21,692 - EduRAG - INFO - 使用设备: cpu
2025-08-05 10:49:24,301 - EduRAG - INFO - 使用设备: cpu
2025-08-05 10:49:24,673 - EduRAG - INFO - 初始化新 BERT 模型
2025-08-05 10:50:09,786 - EduRAG - INFO - 使用设备: cpu
2025-08-05 10:50:10,108 - EduRAG - INFO - 初始化新 BERT 模型
2025-08-05 10:51:14,651 - EduRAG - INFO - 使用设备: cpu
2025-08-05 10:51:15,002 - EduRAG - INFO - 初始化新 BERT 模型
2025-08-05 10:55:54,701 - EduRAG - INFO - 使用设备: cpu
2025-08-05 10:55:55,090 - EduRAG - INFO - 初始化新 BERT 模型
2025-08-05 10:56:03,698 - EduRAG - INFO - 使用设备: cpu
2025-08-05 10:56:03,882 - EduRAG - INFO - 初始化新 BERT 模型
2025-08-05 11:02:20,644 - EduRAG - INFO - 使用设备: cpu
2025-08-05 11:02:20,944 - EduRAG - INFO - 初始化新 BERT 模型
2025-08-05 11:02:20,944 - EduRAG - ERROR - 数据集文件 training_dataset_hybrid_5000.json 不存在
2025-08-05 11:03:09,007 - EduRAG - INFO - 使用设备: cpu
2025-08-05 11:03:09,389 - EduRAG - INFO - 初始化新 BERT 模型
2025-08-05 11:05:03,457 - EduRAG - INFO - 使用设备: cpu
2025-08-05 11:05:03,877 - EduRAG - INFO - 初始化新 BERT 模型
2025-08-05 11:06:02,400 - EduRAG - INFO - 使用设备: cpu
2025-08-05 11:06:02,706 - EduRAG - INFO - 初始化新 BERT 模型
2025-08-05 11:12:53,401 - EduRAG - INFO - 使用设备: cpu
2025-08-05 11:12:53,718 - EduRAG - INFO - 初始化新 BERT 模型
2025-08-05 11:14:46,425 - EduRAG - INFO - 使用设备: cpu
2025-08-05 11:14:46,750 - EduRAG - INFO - 初始化新 BERT 模型
2025-08-05 11:22:20,365 - EduRAG - INFO - 使用设备: cpu
2025-08-05 11:22:20,810 - EduRAG - INFO - 初始化新 BERT 模型
2025-08-05 11:22:59,783 - EduRAG - INFO - 使用设备: cpu
2025-08-05 11:23:00,081 - EduRAG - INFO - 初始化新 BERT 模型
2025-08-05 11:24:23,027 - EduRAG - INFO - 使用设备: cpu
2025-08-05 11:24:23,343 - EduRAG - INFO - 初始化新 BERT 模型
2025-08-05 11:25:56,458 - EduRAG - INFO - 使用设备: cpu
2025-08-05 11:25:56,847 - EduRAG - INFO - 初始化新 BERT 模型
2025-08-05 11:27:51,550 - EduRAG - INFO - 使用设备: cpu
2025-08-05 11:27:51,888 - EduRAG - INFO - 初始化新 BERT 模型
2025-08-05 11:55:30,746 - EduRAG - INFO - 使用设备: cpu
2025-08-05 11:55:31,059 - EduRAG - INFO - 初始化新 BERT 模型
2025-08-05 11:56:35,797 - EduRAG - INFO - 使用设备: cpu
2025-08-05 11:56:36,127 - EduRAG - INFO - 初始化新 BERT 模型
2025-08-05 11:59:23,892 - EduRAG - INFO - 使用设备: cpu
2025-08-05 11:59:24,169 - EduRAG - INFO - 初始化新 BERT 模型
2025-08-05 12:01:45,139 - EduRAG - INFO - 使用设备: cpu
2025-08-05 12:01:45,439 - EduRAG - INFO - 初始化新 BERT 模型
2025-08-05 12:02:33,113 - EduRAG - INFO - 使用设备: cpu
2025-08-05 12:02:33,443 - EduRAG - INFO - 初始化新 BERT 模型
2025-08-05 14:46:12,953 - EduRAG - INFO - 使用设备: cpu
2025-08-05 14:46:13,275 - EduRAG - INFO - 初始化新 BERT 模型
2025-08-05 15:11:07,155 - EduRAG - INFO - 使用设备: cpu
2025-08-05 15:11:07,417 - EduRAG - INFO - 初始化新 BERT 模型
2025-08-05 16:02:38,836 - EduRAG - INFO - 使用设备: cpu
2025-08-05 16:02:39,108 - EduRAG - INFO - 初始化新 BERT 模型
2025-08-05 16:02:39,664 - EduRAG - INFO - 开始训练BERT模型
2025-08-05 16:03:52,069 - EduRAG - INFO - 模型保存至: bert_query_classifier
2025-08-05 16:45:43,192 - EduRAG - INFO - 使用设备: cpu
2025-08-05 16:45:43,251 - EduRAG - INFO - 加载模型: bert_query_classifier
2025-08-05 16:48:31,309 - EduRAG - INFO - 使用设备: cpu
2025-08-05 16:48:31,367 - EduRAG - INFO - 加载模型: bert_query_classifier
2025-08-05 17:02:45,129 - EduRAG - INFO - 使用设备: cpu
2025-08-05 17:02:45,194 - EduRAG - INFO - 加载模型: bert_query_classifier
2025-08-05 17:03:52,395 - EduRAG - INFO - 使用设备: cpu
2025-08-05 17:03:52,454 - EduRAG - INFO - 加载模型: bert_query_classifier
2025-08-05 17:05:32,514 - EduRAG - INFO - 使用设备: cpu
2025-08-05 17:05:32,572 - EduRAG - INFO - 加载模型: bert_query_classifier
2025-08-05 17:05:35,540 - EduRAG - INFO - 分类报告:
2025-08-05 17:05:35,546 - EduRAG - INFO -               precision    recall  f1-score   support

        通用知识       1.00      1.00      1.00        25
        专业咨询       1.00      1.00      1.00        72

    accuracy                           1.00        97
   macro avg       1.00      1.00      1.00        97
weighted avg       1.00      1.00      1.00        97

2025-08-05 17:05:35,546 - EduRAG - INFO - 混淆矩阵:
2025-08-05 17:05:35,546 - EduRAG - INFO - [[25  0]
 [ 0 72]]
2025-08-05 17:06:18,990 - EduRAG - INFO - 使用设备: cpu
2025-08-05 17:06:19,065 - EduRAG - INFO - 加载模型: bert_query_classifier
2025-08-05 17:06:21,840 - EduRAG - INFO - 分类报告:
2025-08-05 17:06:21,845 - EduRAG - INFO -               precision    recall  f1-score   support

           0       1.00      1.00      1.00        25
           1       1.00      1.00      1.00        72

    accuracy                           1.00        97
   macro avg       1.00      1.00      1.00        97
weighted avg       1.00      1.00      1.00        97

2025-08-05 17:06:21,845 - EduRAG - INFO - 混淆矩阵:
2025-08-05 17:06:21,846 - EduRAG - INFO - [[25  0]
 [ 0 72]]
2025-08-05 17:06:51,557 - EduRAG - INFO - 使用设备: cpu
2025-08-05 17:06:51,608 - EduRAG - INFO - 加载模型: bert_query_classifier
2025-08-05 17:06:54,526 - EduRAG - INFO - 分类报告:
2025-08-05 17:06:54,530 - EduRAG - INFO -               precision    recall  f1-score   support

        通用知识       1.00      1.00      1.00        25
        专业咨询       1.00      1.00      1.00        72

    accuracy                           1.00        97
   macro avg       1.00      1.00      1.00        97
weighted avg       1.00      1.00      1.00        97

2025-08-05 17:06:54,530 - EduRAG - INFO - 混淆矩阵:
2025-08-05 17:06:54,530 - EduRAG - INFO - [[25  0]
 [ 0 72]]
2025-08-05 17:36:00,655 - EduRAG - INFO - 使用设备: cpu
2025-08-05 17:36:00,713 - EduRAG - INFO - 加载模型: bert_query_classifier
2025-08-05 17:36:22,543 - EduRAG - INFO - 使用设备: cpu
2025-08-05 17:36:22,605 - EduRAG - INFO - 加载模型: bert_query_classifier
2025-08-05 17:36:55,897 - EduRAG - INFO - 使用设备: cpu
2025-08-05 17:36:55,959 - EduRAG - INFO - 加载模型: bert_query_classifier
2025-08-05 17:37:11,248 - EduRAG - INFO - 使用设备: cpu
2025-08-05 17:37:11,309 - EduRAG - INFO - 加载模型: bert_query_classifier
2025-08-05 17:38:09,058 - EduRAG - INFO - 使用设备: cpu
2025-08-05 17:38:09,119 - EduRAG - INFO - 加载模型: bert_query_classifier
2025-08-05 17:38:25,566 - EduRAG - INFO - 使用设备: cpu
2025-08-05 17:38:25,628 - EduRAG - INFO - 加载模型: bert_query_classifier
2025-08-06 08:55:44,809 - EduRAG - INFO - 使用设备: cpu
2025-08-06 08:55:44,867 - EduRAG - INFO - 加载模型: bert_query_classifier
2025-08-06 08:56:58,615 - EduRAG - INFO - 使用设备: cpu
2025-08-06 08:56:58,659 - EduRAG - INFO - 加载模型: bert_query_classifier
2025-08-06 08:58:14,053 - EduRAG - INFO - 使用设备: cpu
2025-08-06 08:58:14,111 - EduRAG - INFO - 加载模型: bert_query_classifier
2025-08-06 09:01:27,065 - EduRAG - INFO - 使用设备: cpu
2025-08-06 09:01:27,119 - EduRAG - INFO - 加载模型: bert_query_classifier
2025-08-06 09:01:36,863 - EduRAG - INFO - 使用设备: cpu
2025-08-06 09:01:36,904 - EduRAG - INFO - 加载模型: bert_query_classifier
2025-08-06 09:02:40,797 - EduRAG - INFO - 使用设备: cpu
2025-08-06 09:02:40,855 - EduRAG - INFO - 加载模型: bert_query_classifier
2025-08-06 09:02:53,598 - EduRAG - INFO - 使用设备: cpu
2025-08-06 09:02:53,642 - EduRAG - INFO - 加载模型: bert_query_classifier
2025-08-06 09:03:56,979 - EduRAG - INFO - 使用设备: cpu
2025-08-06 09:03:57,021 - EduRAG - INFO - 加载模型: bert_query_classifier
2025-08-06 09:04:39,094 - EduRAG - INFO - 使用设备: cpu
2025-08-06 09:04:39,135 - EduRAG - INFO - 加载模型: bert_query_classifier
2025-08-06 09:05:48,627 - EduRAG - INFO - 使用设备: cpu
2025-08-06 09:05:48,690 - EduRAG - INFO - 加载模型: bert_query_classifier
2025-08-06 09:05:49,425 - EduRAG - INFO - 开始训练BERT模型
2025-08-06 09:09:08,672 - EduRAG - INFO - 模型保存至: bert_query_classifier
2025-08-06 09:09:12,877 - EduRAG - INFO - 分类报告:
2025-08-06 09:09:12,884 - EduRAG - INFO -               precision    recall  f1-score   support

        通用知识       0.99      1.00      1.00       166
        专业咨询       1.00      0.99      1.00       200

    accuracy                           1.00       366
   macro avg       1.00      1.00      1.00       366
weighted avg       1.00      1.00      1.00       366

2025-08-06 09:09:12,884 - EduRAG - INFO - 混淆矩阵:
2025-08-06 09:09:12,886 - EduRAG - INFO - [[166   0]
 [  1 199]]
2025-08-06 09:45:04,586 - EduRAG - INFO - 为查询 'AI和JAVA有什么区别' 选择的检索策略：子查询检索
2025-08-06 09:45:35,502 - EduRAG - INFO - 为查询 'JAVA知识如何应用到工程中' 选择的检索策略：假设问题检索
2025-08-06 09:46:49,494 - EduRAG - INFO - 为查询 'MYSQL数据库能存储100w条数据吗' 选择的检索策略：回溯问题检索
2025-08-06 10:19:23,360 - EduRAG - INFO - 使用设置：cpu
2025-08-06 10:19:25,734 - EduRAG - INFO - 已加载集合 edurag_final
2025-08-06 10:19:25,785 - EduRAG - INFO - 使用设备: cpu
2025-08-06 10:19:25,986 - EduRAG - INFO - 初始化新 BERT 模型
2025-08-06 10:19:26,002 - EduRAG - INFO - 使用子查询策略进行检索 (查询: 'AI和JAVA有什么区别')
2025-08-06 10:19:29,330 - EduRAG - INFO - 生成的子查询: ['当然，以下是将复杂查询“AI和JAVA有什么区别”分解成的多个简单子查询，每行一个：', '1. AI是什么？', '2. JAVA是什么？', '3. AI的主要用途是什么？', '4. JAVA的主要用途是什么？', '5. AI和JAVA在技术领域中的定位有何不同？', '6. AI和JAVA的发展历史有何不同？', '7. AI和JAVA分别使用在哪些典型应用场景中？', '8. AI是否涉及编程语言？如果是，与JAVA这样的编程语言有何区别？', '9. JAVA能否用于开发AI应用？', '10. 学习AI和学习JAVA需要哪些不同的知识基础？', '这些子查询可以帮助逐步理解AI和JAVA之间的区别。']
2025-08-06 10:19:40,527 - EduRAG - INFO - 子查询 '当然，以下是将复杂查询“AI和JAVA有什么区别”分解成的多个简单子查询，每行一个：' 检索到 2 个文档
2025-08-06 10:19:42,006 - EduRAG - INFO - 子查询 '1. AI是什么？' 检索到 2 个文档
2025-08-06 10:19:44,241 - EduRAG - INFO - 子查询 '2. JAVA是什么？' 检索到 2 个文档
2025-08-06 10:19:45,570 - EduRAG - INFO - 子查询 '3. AI的主要用途是什么？' 检索到 2 个文档
2025-08-06 10:19:47,669 - EduRAG - INFO - 子查询 '4. JAVA的主要用途是什么？' 检索到 2 个文档
2025-08-06 10:19:48,927 - EduRAG - INFO - 子查询 '5. AI和JAVA在技术领域中的定位有何不同？' 检索到 2 个文档
2025-08-06 10:19:50,974 - EduRAG - INFO - 子查询 '6. AI和JAVA的发展历史有何不同？' 检索到 2 个文档
2025-08-06 10:19:52,767 - EduRAG - INFO - 子查询 '7. AI和JAVA分别使用在哪些典型应用场景中？' 检索到 2 个文档
2025-08-06 10:19:53,887 - EduRAG - INFO - 子查询 '8. AI是否涉及编程语言？如果是，与JAVA这样的编程语言有何区别？' 检索到 2 个文档
2025-08-06 10:19:55,688 - EduRAG - INFO - 子查询 '9. JAVA能否用于开发AI应用？' 检索到 2 个文档
2025-08-06 10:19:56,870 - EduRAG - INFO - 子查询 '10. 学习AI和学习JAVA需要哪些不同的知识基础？' 检索到 2 个文档
2025-08-06 10:19:59,169 - EduRAG - INFO - 子查询 '这些子查询可以帮助逐步理解AI和JAVA之间的区别。' 检索到 2 个文档
2025-08-06 10:19:59,169 - EduRAG - INFO - 所有子查询共检索到 24 个文档, 去重后剩 6 个
2025-08-06 10:20:22,220 - EduRAG - INFO - 使用设置：cpu
2025-08-06 10:20:24,535 - EduRAG - INFO - 已加载集合 edurag_final
2025-08-06 10:20:24,572 - EduRAG - INFO - 使用设备: cpu
2025-08-06 10:20:24,697 - EduRAG - INFO - 初始化新 BERT 模型
2025-08-06 10:20:24,712 - EduRAG - INFO - 使用子查询策略进行检索 (查询: 'AI和JAVA有什么区别')
2025-08-06 10:20:27,474 - EduRAG - INFO - 生成的子查询: ['子查询:', '1. AI是什么？', '2. JAVA是什么？', '3. AI的主要应用领域有哪些？', '4. JAVA的主要用途和特点是什么？', '5. AI和JAVA在技术层面有何不同？', '6. AI和JAVA在实际应用中有哪些区别？']
2025-08-06 10:20:33,530 - EduRAG - INFO - 子查询 '子查询:' 检索到 2 个文档
2025-08-06 10:20:35,016 - EduRAG - INFO - 子查询 '1. AI是什么？' 检索到 2 个文档
2025-08-06 10:20:36,901 - EduRAG - INFO - 子查询 '2. JAVA是什么？' 检索到 2 个文档
2025-08-06 10:20:38,329 - EduRAG - INFO - 子查询 '3. AI的主要应用领域有哪些？' 检索到 2 个文档
2025-08-06 10:20:40,158 - EduRAG - INFO - 子查询 '4. JAVA的主要用途和特点是什么？' 检索到 2 个文档
2025-08-06 10:20:41,703 - EduRAG - INFO - 子查询 '5. AI和JAVA在技术层面有何不同？' 检索到 2 个文档
2025-08-06 10:20:43,140 - EduRAG - INFO - 子查询 '6. AI和JAVA在实际应用中有哪些区别？' 检索到 2 个文档
2025-08-06 10:20:43,141 - EduRAG - INFO - 所有子查询共检索到 14 个文档, 去重后剩 8 个
2025-08-06 10:34:23,906 - EduRAG - INFO - 使用设置：cpu
2025-08-06 10:34:26,248 - EduRAG - INFO - 已加载集合 edurag_final
2025-08-06 10:34:26,285 - EduRAG - INFO - 使用设备: cpu
2025-08-06 10:34:26,469 - EduRAG - INFO - 初始化新 BERT 模型
2025-08-06 10:34:26,483 - EduRAG - INFO - 使用子查询策略进行检索 (查询: 'AI和JAVA有什么区别')
2025-08-06 10:34:27,341 - EduRAG - INFO - 生成的子查询: ['AI和JAVA分别是什么？', 'AI和JAVA各自的应用领域是什么？', 'AI和JAVA之间是否存在关联性？']
2025-08-06 10:34:33,562 - EduRAG - INFO - 子查询 'AI和JAVA分别是什么？' 检索到 2 个文档
2025-08-06 10:34:34,777 - EduRAG - INFO - 子查询 'AI和JAVA各自的应用领域是什么？' 检索到 2 个文档
2025-08-06 10:34:35,813 - EduRAG - INFO - 子查询 'AI和JAVA之间是否存在关联性？' 检索到 2 个文档
2025-08-06 10:34:35,813 - EduRAG - INFO - 所有子查询共检索到 6 个文档, 去重后剩 3 个
2025-08-06 10:44:14,347 - EduRAG - INFO - 使用设置：cpu
2025-08-06 10:44:16,730 - EduRAG - INFO - 已加载集合 edurag_final
2025-08-06 10:44:37,169 - EduRAG - INFO - 使用设置：cpu
2025-08-06 10:44:39,349 - EduRAG - INFO - 已加载集合 edurag_final
2025-08-06 10:44:39,387 - EduRAG - INFO - 使用设备: cpu
2025-08-06 10:44:39,498 - EduRAG - INFO - 初始化新 BERT 模型
2025-08-06 10:44:39,513 - EduRAG - INFO - 使用子查询策略进行检索 (查询: 'AI和JAVA有什么区别')
2025-08-06 10:44:40,726 - EduRAG - INFO - 生成的子查询: ['子查询 1："AI 有哪些特点和应用场景？"', '子查询 2："JAVA 有哪些特点和应用场景？"']
2025-08-06 10:44:47,650 - EduRAG - INFO - 子查询 '子查询 1："AI 有哪些特点和应用场景？"' 检索到 2 个文档
2025-08-06 10:44:49,272 - EduRAG - INFO - 子查询 '子查询 2："JAVA 有哪些特点和应用场景？"' 检索到 2 个文档
2025-08-06 10:44:49,272 - EduRAG - INFO - 所有子查询共检索到 4 个文档, 去重后剩 4 个
2025-08-06 10:50:54,978 - EduRAG - INFO - 使用设置：cpu
2025-08-06 10:50:57,357 - EduRAG - INFO - 已加载集合 edurag_final
2025-08-06 10:50:57,395 - EduRAG - INFO - 使用设备: cpu
2025-08-06 10:50:57,604 - EduRAG - INFO - 初始化新 BERT 模型
2025-08-06 10:50:57,620 - EduRAG - INFO - 使用子查询策略进行检索 (查询: 'AI和JAVA有什么区别')
2025-08-06 10:50:58,750 - EduRAG - INFO - 生成的子查询: ['子查询 1："AI 有哪些特点和应用场景？"', '子查询 2："JAVA 有哪些特点和应用场景？"']
2025-08-06 10:51:05,952 - EduRAG - INFO - 子查询 '子查询 1："AI 有哪些特点和应用场景？"' 检索到 2 个文档
2025-08-06 10:51:07,586 - EduRAG - INFO - 子查询 '子查询 2："JAVA 有哪些特点和应用场景？"' 检索到 2 个文档
2025-08-06 10:51:07,586 - EduRAG - INFO - 所有子查询共检索到 4 个文档, 去重后剩 4 个
2025-08-06 11:10:31,667 - EduRAG - INFO - 使用设置：cpu
2025-08-06 11:10:34,008 - EduRAG - INFO - 已加载集合 edurag_final
2025-08-06 11:10:34,045 - EduRAG - INFO - 使用设备: cpu
2025-08-06 11:10:34,198 - EduRAG - INFO - 初始化新 BERT 模型
2025-08-06 11:10:34,212 - EduRAG - INFO - 开始处理查询: 'AI知识的课程大纲是什么？', 知识过滤: ai
2025-08-06 11:10:34,273 - EduRAG - INFO - 查询分类结果：通用知识 (查询: 'AI知识的课程大纲是什么？')
2025-08-06 11:10:34,273 - EduRAG - INFO - 查询为通用知识，直接调用 LLM
2025-08-06 11:11:36,128 - EduRAG - INFO - 使用设置：cpu
2025-08-06 11:11:38,354 - EduRAG - INFO - 已加载集合 edurag_final
2025-08-06 11:11:38,390 - EduRAG - INFO - 使用设备: cpu
2025-08-06 11:11:38,493 - EduRAG - INFO - 初始化新 BERT 模型
2025-08-06 11:11:38,511 - EduRAG - INFO - 开始处理查询: 'AI知识的课程大纲是什么？', 知识过滤: ai
2025-08-06 11:11:38,565 - EduRAG - INFO - 查询分类结果：专业咨询 (查询: 'AI知识的课程大纲是什么？')
2025-08-06 11:11:38,566 - EduRAG - INFO - 查询为专业咨询，执行 RAG 流程
2025-08-06 11:11:39,062 - EduRAG - INFO - 为查询 'AI知识的课程大纲是什么？' 选择的检索策略：直接检索
2025-08-06 11:11:39,063 - EduRAG - INFO - 使用直接检索策略 (查询: 'AI知识的课程大纲是什么？')
2025-08-06 11:11:42,769 - EduRAG - INFO - 策略 '直接检索' 检索到 1 个候选文档 (可能已是父文档)
2025-08-06 11:11:42,769 - EduRAG - INFO - 最终选取 1 个文档作为上下文
2025-08-06 11:11:42,769 - EduRAG - INFO - 构建上下文完成，包含 1 个文档块
2025-08-06 11:11:47,105 - EduRAG - INFO - 查询处理完成 (耗时: 8.59s, 查询: 'AI知识的课程大纲是什么？')
2025-08-06 11:14:02,512 - EduRAG - INFO - 使用设置：cpu
2025-08-06 11:14:04,682 - EduRAG - INFO - 已加载集合 edurag_final
2025-08-06 11:14:04,720 - EduRAG - INFO - 使用设备: cpu
2025-08-06 11:14:04,761 - EduRAG - INFO - 加载模型: /Users/ligang/Desktop/EduRAG课堂资料/codes/integrated_qa_system/rag_qa/core/bert_query_classifier
2025-08-06 11:14:04,775 - EduRAG - INFO - 开始处理查询: 'AI知识的课程大纲是什么？', 知识过滤: ai
2025-08-06 11:14:05,382 - EduRAG - INFO - 查询分类结果：专业咨询 (查询: 'AI知识的课程大纲是什么？')
2025-08-06 11:14:05,382 - EduRAG - INFO - 查询为专业咨询，执行 RAG 流程
2025-08-06 11:14:05,896 - EduRAG - INFO - 为查询 'AI知识的课程大纲是什么？' 选择的检索策略：直接检索
2025-08-06 11:14:05,897 - EduRAG - INFO - 使用直接检索策略 (查询: 'AI知识的课程大纲是什么？')
2025-08-06 11:14:09,844 - EduRAG - INFO - 策略 '直接检索' 检索到 1 个候选文档 (可能已是父文档)
2025-08-06 11:14:09,844 - EduRAG - INFO - 最终选取 1 个文档作为上下文
2025-08-06 11:14:09,844 - EduRAG - INFO - 构建上下文完成，包含 1 个文档块
2025-08-06 11:14:15,671 - EduRAG - INFO - 查询处理完成 (耗时: 10.90s, 查询: 'AI知识的课程大纲是什么？')
2025-08-06 11:19:39,449 - EduRAG - INFO - 使用设备: cpu
2025-08-06 11:19:39,483 - EduRAG - INFO - 加载模型: bert_query_classifier
2025-08-06 11:19:40,140 - EduRAG - INFO - 开始训练BERT模型
2025-08-06 11:20:01,512 - EduRAG - INFO - 使用设置：cpu
2025-08-06 11:20:03,831 - EduRAG - INFO - 已加载集合 edurag_final
2025-08-06 11:20:03,866 - EduRAG - INFO - 使用设备: cpu
2025-08-06 11:20:03,912 - EduRAG - INFO - 加载模型: /Users/ligang/Desktop/EduRAG课堂资料/codes/integrated_qa_system/rag_qa/core/bert_query_classifier
2025-08-06 11:20:03,926 - EduRAG - INFO - 开始处理查询: 'AI知识的课程大纲是什么？', 知识过滤: ai
2025-08-06 11:20:04,407 - EduRAG - INFO - 查询分类结果：专业咨询 (查询: 'AI知识的课程大纲是什么？')
2025-08-06 11:20:04,407 - EduRAG - INFO - 查询为专业咨询，执行 RAG 流程
2025-08-06 11:20:04,836 - EduRAG - INFO - 为查询 'AI知识的课程大纲是什么？' 选择的检索策略：直接检索
2025-08-06 11:20:04,836 - EduRAG - INFO - 使用直接检索策略 (查询: 'AI知识的课程大纲是什么？')
2025-08-06 11:20:08,383 - EduRAG - INFO - 策略 '直接检索' 检索到 1 个候选文档 (可能已是父文档)
2025-08-06 11:20:08,383 - EduRAG - INFO - 最终选取 1 个文档作为上下文
2025-08-06 11:20:08,383 - EduRAG - INFO - 构建上下文完成，包含 1 个文档块
2025-08-06 11:20:13,632 - EduRAG - INFO - 查询处理完成 (耗时: 9.71s, 查询: 'AI知识的课程大纲是什么？')
2025-08-06 11:22:21,850 - EduRAG - INFO - 使用设置：cpu
2025-08-06 11:22:24,304 - EduRAG - INFO - 已加载集合 edurag_final
2025-08-06 11:22:24,338 - EduRAG - INFO - 使用设备: cpu
2025-08-06 11:22:24,373 - EduRAG - INFO - 加载模型: /Users/ligang/Desktop/EduRAG课堂资料/codes/integrated_qa_system/rag_qa/core/bert_query_classifier
2025-08-06 11:22:24,386 - EduRAG - INFO - 开始处理查询: 'AI知识的课程大纲是什么？', 知识过滤: ai
2025-08-06 11:22:24,712 - EduRAG - INFO - 查询分类结果：专业咨询 (查询: 'AI知识的课程大纲是什么？')
2025-08-06 11:22:24,713 - EduRAG - INFO - 查询为专业咨询，执行 RAG 流程
2025-08-06 11:22:25,368 - EduRAG - INFO - 为查询 'AI知识的课程大纲是什么？' 选择的检索策略：直接检索
2025-08-06 11:22:25,369 - EduRAG - INFO - 使用直接检索策略 (查询: 'AI知识的课程大纲是什么？')
2025-08-06 11:22:28,281 - EduRAG - INFO - 策略 '直接检索' 检索到 1 个候选文档 (可能已是父文档)
2025-08-06 11:22:28,281 - EduRAG - INFO - 最终选取 1 个文档作为上下文
2025-08-06 11:22:28,281 - EduRAG - INFO - 构建上下文完成，包含 1 个文档块
2025-08-06 11:22:31,922 - EduRAG - INFO - 查询处理完成 (耗时: 7.54s, 查询: 'AI知识的课程大纲是什么？')
2025-08-06 11:25:42,565 - EduRAG - INFO - 使用设置：cpu
2025-08-06 11:25:44,900 - EduRAG - INFO - 已加载集合 edurag_final
2025-08-06 11:25:44,937 - EduRAG - INFO - 使用设备: cpu
2025-08-06 11:25:44,984 - EduRAG - INFO - 加载模型: /Users/ligang/Desktop/EduRAG课堂资料/codes/integrated_qa_system/rag_qa/core/bert_query_classifier
2025-08-06 11:25:44,999 - EduRAG - INFO - 开始处理查询: 'AI知识的课程大纲是什么？', 知识过滤: ai
2025-08-06 11:25:45,648 - EduRAG - INFO - 查询分类结果：专业咨询 (查询: 'AI知识的课程大纲是什么？')
2025-08-06 11:25:45,648 - EduRAG - INFO - 查询为专业咨询，执行 RAG 流程
2025-08-06 11:25:46,261 - EduRAG - INFO - 为查询 'AI知识的课程大纲是什么？' 选择的检索策略：直接检索
2025-08-06 11:25:46,261 - EduRAG - INFO - 使用直接检索策略 (查询: 'AI知识的课程大纲是什么？')
2025-08-06 11:25:49,767 - EduRAG - INFO - 策略 '直接检索' 检索到 1 个候选文档 (可能已是父文档)
2025-08-06 11:25:49,768 - EduRAG - INFO - 最终选取 1 个文档作为上下文
2025-08-06 11:25:49,768 - EduRAG - INFO - 构建上下文完成，包含 1 个文档块
2025-08-06 11:25:53,732 - EduRAG - INFO - 查询处理完成 (耗时: 8.73s, 查询: 'AI知识的课程大纲是什么？')
2025-08-06 17:25:45,062 - EduRAG - ERROR - DashScope API 调用失败: 'Stream' object has no attribute 'choices'
2025-08-06 18:08:55,212 - EduRAG - INFO - MySQL 连接成功
2025-08-06 18:08:55,213 - EduRAG - INFO - Redis 连接成功
2025-08-06 18:08:55,238 - EduRAG - INFO - BM25 模型初始化完成
2025-08-06 18:08:55,260 - EduRAG - INFO - 使用设置：cpu
2025-08-06 18:08:57,616 - EduRAG - INFO - 已加载集合 edurag_final
2025-08-06 18:10:05,857 - EduRAG - INFO - MySQL 连接成功
2025-08-06 18:10:05,858 - EduRAG - INFO - Redis 连接成功
2025-08-06 18:10:05,867 - EduRAG - INFO - BM25 模型初始化完成
2025-08-06 18:10:05,885 - EduRAG - INFO - 使用设置：cpu
2025-08-06 18:10:08,332 - EduRAG - INFO - 已加载集合 edurag_final
2025-08-06 18:10:08,353 - EduRAG - INFO - 使用设备: cpu
2025-08-06 18:10:08,400 - EduRAG - INFO - 加载模型: /Users/ligang/Desktop/EduRAG课堂资料/codes/integrated_qa_system/rag_qa/core/bert_query_classifier
2025-08-06 18:10:08,414 - EduRAG - ERROR - 系统错误: 'Config' object has no attribute 'VALID_SOURCES'
2025-08-06 18:10:08,414 - EduRAG - INFO - MySQL 连接已关闭
2025-08-06 18:10:52,782 - EduRAG - INFO - MySQL 连接成功
2025-08-06 18:10:52,783 - EduRAG - INFO - Redis 连接成功
2025-08-06 18:10:52,791 - EduRAG - INFO - BM25 模型初始化完成
2025-08-06 18:10:52,810 - EduRAG - INFO - 使用设置：cpu
2025-08-06 18:10:55,186 - EduRAG - INFO - 已加载集合 edurag_final
2025-08-06 18:10:55,207 - EduRAG - INFO - 使用设备: cpu
2025-08-06 18:10:55,252 - EduRAG - INFO - 加载模型: /Users/ligang/Desktop/EduRAG课堂资料/codes/integrated_qa_system/rag_qa/core/bert_query_classifier
2025-08-06 18:12:51,337 - EduRAG - INFO - MySQL 连接已关闭
2025-08-06 18:12:57,346 - EduRAG - INFO - MySQL 连接成功
2025-08-06 18:12:57,347 - EduRAG - INFO - Redis 连接成功
2025-08-06 18:12:57,356 - EduRAG - INFO - BM25 模型初始化完成
2025-08-06 18:12:57,374 - EduRAG - INFO - 使用设置：cpu
2025-08-06 18:12:59,623 - EduRAG - INFO - 已加载集合 edurag_final
2025-08-06 18:12:59,645 - EduRAG - INFO - 使用设备: cpu
2025-08-06 18:12:59,672 - EduRAG - INFO - 加载模型: /Users/ligang/Desktop/EduRAG课堂资料/codes/integrated_qa_system/rag_qa/core/bert_query_classifier
2025-08-06 18:13:05,969 - EduRAG - INFO - 处理查询: '什么是AI'
2025-08-06 18:13:05,971 - EduRAG - INFO - 开始预处理文本
2025-08-06 18:13:06,324 - EduRAG - INFO - 未找到可靠答案，最高 Softmax 相似度: 0.188
2025-08-06 18:13:06,324 - EduRAG - INFO - 无可靠 MySQL 答案，回退到 RAG
2025-08-06 18:13:06,324 - EduRAG - INFO - 开始处理查询: '什么是AI', 知识过滤: ai
2025-08-06 18:13:07,092 - EduRAG - INFO - 查询分类结果：通用知识 (查询: '什么是AI')
2025-08-06 18:13:07,092 - EduRAG - INFO - 查询为通用知识，直接调用 LLM
2025-08-06 18:13:09,307 - EduRAG - INFO - 通用知识查询处理完成 (耗时: 2.98s, 查询: '什么是AI')
2025-08-06 18:13:09,308 - EduRAG - INFO - RAG 答案: AI 是人工智能（Artificial Intelligence）的缩写，它是计算机科学的一个分支，旨在开发能够执行通常需要人类智能的任务的系统，例如学习、推理、问题解决、感知和语言理解等。AI 可以通过大量数据和算法来训练模型，从而实现对复杂问题的处理与决策能力。
2025-08-06 18:13:09,308 - EduRAG - INFO - 查询处理耗时 3.34秒
2025-08-06 18:13:33,808 - EduRAG - INFO - 处理查询: 'AI知识的课程大纲是什么'
2025-08-06 18:13:33,815 - EduRAG - INFO - 开始预处理文本
2025-08-06 18:13:33,894 - EduRAG - INFO - 存储数据到 Redis: answer:AI知识的课程大纲是什么
2025-08-06 18:13:33,894 - EduRAG - INFO - 搜索成功，Softamx相似度：0.969
2025-08-06 18:13:33,894 - EduRAG - INFO - MySQL 答案: 1. 正常情况我们都是通过阶段作业后自动解锁后面课程，主要是检查你当前阶段课程学习的怎么样
2. 如果同学有特殊情况，例如我工作马上需要，或者我毕业论文要用到等 请同学跟班主任沟通申请解锁课程
2025-08-06 18:13:33,894 - EduRAG - INFO - 查询处理耗时 0.09秒
2025-08-06 18:14:11,313 - EduRAG - INFO - 处理查询: 'AI的项目有哪些'
2025-08-06 18:14:11,324 - EduRAG - INFO - 开始预处理文本
2025-08-06 18:14:11,327 - EduRAG - INFO - 未找到可靠答案，最高 Softmax 相似度: 0.751
2025-08-06 18:14:11,327 - EduRAG - INFO - 无可靠 MySQL 答案，回退到 RAG
2025-08-06 18:14:11,327 - EduRAG - INFO - 开始处理查询: 'AI的项目有哪些', 知识过滤: 
2025-08-06 18:14:11,394 - EduRAG - INFO - 查询分类结果：专业咨询 (查询: 'AI的项目有哪些')
2025-08-06 18:14:11,394 - EduRAG - INFO - 查询为专业咨询，执行 RAG 流程
2025-08-06 18:14:11,967 - EduRAG - ERROR - 系统错误: 'NoneType' object has no attribute 'strip'
2025-08-06 18:14:11,968 - EduRAG - INFO - MySQL 连接已关闭
2025-08-06 18:15:55,255 - EduRAG - INFO - MySQL 连接成功
2025-08-06 18:15:55,256 - EduRAG - INFO - Redis 连接成功
2025-08-06 18:15:55,265 - EduRAG - INFO - BM25 模型初始化完成
2025-08-06 18:15:55,283 - EduRAG - INFO - 使用设置：cpu
2025-08-06 18:15:57,669 - EduRAG - INFO - 已加载集合 edurag_final
2025-08-06 18:15:57,692 - EduRAG - INFO - 使用设备: cpu
2025-08-06 18:15:57,737 - EduRAG - INFO - 加载模型: /Users/ligang/Desktop/EduRAG课堂资料/codes/integrated_qa_system/rag_qa/core/bert_query_classifier
2025-08-06 18:16:14,968 - EduRAG - INFO - 处理查询: 'AI的项目有哪些'
2025-08-06 18:16:14,971 - EduRAG - INFO - 开始预处理文本
2025-08-06 18:16:15,274 - EduRAG - INFO - 未找到可靠答案，最高 Softmax 相似度: 0.751
2025-08-06 18:16:15,274 - EduRAG - INFO - 无可靠 MySQL 答案，回退到 RAG
2025-08-06 18:16:15,274 - EduRAG - INFO - 开始处理查询: 'AI的项目有哪些', 知识过滤: 
2025-08-06 18:16:16,016 - EduRAG - INFO - 查询分类结果：专业咨询 (查询: 'AI的项目有哪些')
2025-08-06 18:16:16,016 - EduRAG - INFO - 查询为专业咨询，执行 RAG 流程
2025-08-06 18:16:16,705 - EduRAG - INFO - 为查询 'AI的项目有哪些' 选择的检索策略：直接检索
2025-08-06 18:16:16,706 - EduRAG - INFO - 使用直接检索策略 (查询: 'AI的项目有哪些')
2025-08-06 18:16:24,676 - EduRAG - INFO - 策略 '直接检索' 检索到 2 个候选文档 (可能已是父文档)
2025-08-06 18:16:24,676 - EduRAG - INFO - 最终选取 2 个文档作为上下文
2025-08-06 18:16:24,676 - EduRAG - INFO - 构建上下文完成，包含 2 个文档块
2025-08-06 18:16:29,808 - EduRAG - INFO - 查询处理完成 (耗时: 14.53s, 查询: 'AI的项目有哪些')
2025-08-06 18:16:29,808 - EduRAG - INFO - RAG 答案: 根据提供的上下文，第九部分（项目阶段）：大模型开发基础与项目中提到了以下AI项目：

1. **物流行业信息咨询智能问答系统（RAG检索）**  
2. **基于GPT2模型搭建医疗问诊机器人**  
3. **新零售行业决策评价系统**  
4. **新媒体行业评论智能分类与信息抽取系统**  
5. **基于AIAgent实现邮件的自动编写及发送**  
6. **基于Functioncall打造个人专属助手**  
7. **大模型Prompt-Engineering实践**  

这些项目覆盖了大模型在不同行业的应用，如物流、医疗、零售、新媒体等，同时涉及核心技术如RAG检索、Prompt工程、Functioncall等。
2025-08-06 18:16:29,808 - EduRAG - INFO - 查询处理耗时 14.84秒
2025-08-06 18:19:13,805 - EduRAG - INFO - 使用设置：cpu
2025-08-06 18:19:16,162 - EduRAG - INFO - 已加载集合 edurag_final
2025-08-06 18:19:47,023 - EduRAG - INFO - 成功加载文件: /Users/ligang/Desktop/EduRAG课堂资料/codes/integrated_qa_system/rag_qa/data/ai_data/LLM基础知识.pdf
2025-08-06 18:19:55,906 - EduRAG - INFO - 成功加载文件: /Users/ligang/Desktop/EduRAG课堂资料/codes/integrated_qa_system/rag_qa/data/ai_data/人工智能就业课课程大纲.md
2025-08-06 18:19:55,907 - EduRAG - INFO - 加载的文档数量: 2
2025-08-06 18:19:55,907 - EduRAG - INFO - 处理文档: /Users/ligang/Desktop/EduRAG课堂资料/codes/integrated_qa_system/rag_qa/data/ai_data/LLM基础知识.pdf, 使用切分器: ChineseRecursive
2025-08-06 18:19:55,908 - EduRAG - INFO - 处理文档: /Users/ligang/Desktop/EduRAG课堂资料/codes/integrated_qa_system/rag_qa/data/ai_data/人工智能就业课课程大纲.md, 使用切分器: Markdown
2025-08-06 18:19:55,909 - EduRAG - INFO - 子块数量: 86
2025-08-06 18:20:02,993 - EduRAG - INFO - MySQL 连接已关闭
2025-08-06 18:22:01,288 - EduRAG - INFO - 使用设备: cpu
2025-08-06 18:22:01,335 - EduRAG - INFO - 加载模型: bert_query_classifier
2025-08-07 09:40:48,287 - EduRAG - INFO - 为查询 '你是谁' 选择的检索策略：直接检索
2025-08-07 09:41:32,473 - EduRAG - INFO - 为查询 'AI和JAVA有什么区别' 选择的检索策略：子查询检索
2025-08-07 09:41:58,681 - EduRAG - INFO - 为查询 'JAVA的应用场景有哪些' 选择的检索策略：假设问题检索
2025-08-07 09:42:18,000 - EduRAG - INFO - 为查询 'Mysql数据库能不能支持100w个样本的插入' 选择的检索策略：回溯问题检索
2025-08-07 09:43:07,635 - EduRAG - INFO - 为查询 'Mysql数据库能不能支持100w个样本的插入' 选择的检索策略：回溯问题检索
2025-08-07 10:09:41,506 - EduRAG - INFO - 使用设置：cpu
2025-08-07 10:09:44,558 - EduRAG - INFO - 已加载集合 edurag_final
2025-08-07 10:10:41,317 - EduRAG - INFO - 使用设置：cpu
2025-08-07 10:10:44,236 - EduRAG - INFO - 已加载集合 edurag_final
2025-08-07 10:10:44,280 - EduRAG - INFO - 使用设备: cpu
2025-08-07 10:10:44,487 - EduRAG - INFO - 初始化新 BERT 模型
2025-08-07 10:12:32,548 - EduRAG - INFO - 使用设置：cpu
2025-08-07 10:12:35,424 - EduRAG - INFO - 已加载集合 edurag_final
2025-08-07 10:12:35,468 - EduRAG - INFO - 使用设备: cpu
2025-08-07 10:12:35,521 - EduRAG - INFO - 加载模型: /Users/ligang/Desktop/EduRAG课堂资料/codes/integrated_qa_system/rag_qa/core/bert_query_classifier
2025-08-07 10:37:35,928 - EduRAG - INFO - 使用设置：cpu
2025-08-07 10:37:38,742 - EduRAG - INFO - 已加载集合 edurag_final
2025-08-07 10:37:38,785 - EduRAG - INFO - 使用设备: cpu
2025-08-07 10:37:38,834 - EduRAG - INFO - 加载模型: /Users/ligang/Desktop/EduRAG课堂资料/codes/integrated_qa_system/rag_qa/core/bert_query_classifier
2025-08-07 10:37:38,849 - EduRAG - INFO - 开始处理查询: '什么是AI', 知识过滤: None
2025-08-07 10:37:39,607 - EduRAG - INFO - 查询分类结果：通用知识 (查询: '什么是AI')
2025-08-07 10:46:55,726 - EduRAG - INFO - 使用设置：cpu
2025-08-07 10:46:58,721 - EduRAG - INFO - 已加载集合 edurag_final
2025-08-07 10:47:23,042 - EduRAG - INFO - 使用设置：cpu
2025-08-07 10:47:26,028 - EduRAG - INFO - 已加载集合 edurag_final
2025-08-07 10:51:18,558 - EduRAG - INFO - 使用设置：cpu
2025-08-07 10:51:21,896 - EduRAG - INFO - 已加载集合 edurag_final
2025-08-07 10:51:21,957 - EduRAG - INFO - 使用设备: cpu
2025-08-07 10:51:22,021 - EduRAG - INFO - 加载模型: /Users/ligang/Desktop/EduRAG课堂资料/codes/integrated_qa_system/rag_qa/core/bert_query_classifier
2025-08-07 10:51:22,049 - EduRAG - INFO - 开始处理查询: '什么是AI', 知识过滤: None
2025-08-07 10:51:22,885 - EduRAG - INFO - 查询分类结果：通用知识 (查询: '什么是AI')
2025-08-07 10:51:22,886 - EduRAG - INFO - 查询为通用知识，直接调用 LLM
2025-08-07 10:51:24,681 - EduRAG - INFO - 通用知识查询处理完成 (耗时: 2.63s, 查询: '什么是AI')
2025-08-07 11:01:20,397 - EduRAG - INFO - 使用设置：cpu
2025-08-07 11:01:23,110 - EduRAG - INFO - 已加载集合 edurag_final
2025-08-07 11:01:23,151 - EduRAG - INFO - 使用设备: cpu
2025-08-07 11:01:23,199 - EduRAG - INFO - 加载模型: /Users/ligang/Desktop/EduRAG课堂资料/codes/integrated_qa_system/rag_qa/core/bert_query_classifier
2025-08-07 11:01:23,215 - EduRAG - INFO - 开始处理查询: 'AI的课程内容有哪些', 知识过滤: None
2025-08-07 11:01:23,920 - EduRAG - INFO - 查询分类结果：专业咨询 (查询: 'AI的课程内容有哪些')
2025-08-07 11:01:23,922 - EduRAG - INFO - 查询为专业咨询，执行 RAG 流程
2025-08-07 11:01:25,008 - EduRAG - INFO - 为查询 'AI的课程内容有哪些' 选择的检索策略：直接检索
2025-08-07 11:02:10,336 - EduRAG - INFO - 使用设置：cpu
2025-08-07 11:02:13,108 - EduRAG - INFO - 已加载集合 edurag_final
2025-08-07 11:02:13,150 - EduRAG - INFO - 使用设备: cpu
2025-08-07 11:02:13,200 - EduRAG - INFO - 加载模型: /Users/ligang/Desktop/EduRAG课堂资料/codes/integrated_qa_system/rag_qa/core/bert_query_classifier
2025-08-07 11:02:13,215 - EduRAG - INFO - 开始处理查询: 'AI的课程内容有哪些', 知识过滤: None
2025-08-07 11:02:13,910 - EduRAG - INFO - 查询分类结果：专业咨询 (查询: 'AI的课程内容有哪些')
2025-08-07 11:02:13,910 - EduRAG - INFO - 查询为专业咨询，执行 RAG 流程
2025-08-07 11:02:14,463 - EduRAG - INFO - 为查询 'AI的课程内容有哪些' 选择的检索策略：直接检索
2025-08-07 11:14:03,778 - EduRAG - INFO - 使用设置：cpu
2025-08-07 11:14:06,772 - EduRAG - INFO - 已加载集合 edurag_final
2025-08-07 11:14:06,814 - EduRAG - INFO - 使用设备: cpu
2025-08-07 11:14:06,866 - EduRAG - INFO - 加载模型: /Users/ligang/Desktop/EduRAG课堂资料/codes/integrated_qa_system/rag_qa/core/bert_query_classifier
2025-08-07 11:14:06,882 - EduRAG - INFO - 开始处理查询: 'AI的课程内容有哪些', 知识过滤: None
2025-08-07 11:14:07,688 - EduRAG - INFO - 查询分类结果：专业咨询 (查询: 'AI的课程内容有哪些')
2025-08-07 11:14:07,688 - EduRAG - INFO - 查询为专业咨询，执行 RAG 流程
2025-08-07 11:14:08,241 - EduRAG - INFO - 为查询 'AI的课程内容有哪些' 选择的检索策略：直接检索
2025-08-07 11:14:08,241 - EduRAG - INFO - 使用直接检索策略 (查询: 'AI的课程内容有哪些')
2025-08-07 11:34:49,374 - EduRAG - INFO - 使用设置：cpu
2025-08-07 11:34:52,183 - EduRAG - INFO - 已加载集合 edurag_final
2025-08-07 11:34:52,225 - EduRAG - INFO - 使用设备: cpu
2025-08-07 11:34:52,275 - EduRAG - INFO - 加载模型: /Users/ligang/Desktop/EduRAG课堂资料/codes/integrated_qa_system/rag_qa/core/bert_query_classifier
2025-08-07 11:34:52,290 - EduRAG - INFO - 开始处理查询: 'AI的课程内容有哪些', 知识过滤: None
2025-08-07 11:34:52,964 - EduRAG - INFO - 查询分类结果：专业咨询 (查询: 'AI的课程内容有哪些')
2025-08-07 11:34:52,964 - EduRAG - INFO - 查询为专业咨询，执行 RAG 流程
2025-08-07 11:34:53,530 - EduRAG - INFO - 为查询 'AI的课程内容有哪些' 选择的检索策略：直接检索
2025-08-07 11:34:53,530 - EduRAG - INFO - 使用直接检索策略 (查询: 'AI的课程内容有哪些')
2025-08-07 11:35:01,956 - EduRAG - INFO - 策略 '直接检索' 检索到 2 个候选文档 (可能已是父文档)
2025-08-07 11:35:01,956 - EduRAG - INFO - 最终选取 2 个文档作为上下文
2025-08-07 11:48:04,881 - EduRAG - INFO - 使用设置：cpu
2025-08-07 11:48:07,594 - EduRAG - INFO - 已加载集合 edurag_final
2025-08-07 11:48:07,637 - EduRAG - INFO - 使用设备: cpu
2025-08-07 11:48:07,676 - EduRAG - INFO - 加载模型: /Users/ligang/Desktop/EduRAG课堂资料/codes/integrated_qa_system/rag_qa/core/bert_query_classifier
2025-08-07 11:48:07,692 - EduRAG - INFO - 开始处理查询: 'Mysql数据库中能存储100w个样本吗', 知识过滤: None
2025-08-07 11:48:08,111 - EduRAG - INFO - 查询分类结果：通用知识 (查询: 'Mysql数据库中能存储100w个样本吗')
2025-08-07 11:48:08,111 - EduRAG - INFO - 查询为通用知识，直接调用 LLM
2025-08-07 11:48:15,626 - EduRAG - INFO - 通用知识查询处理完成 (耗时: 7.93s, 查询: 'Mysql数据库中能存储100w个样本吗')
2025-08-07 11:49:22,989 - EduRAG - INFO - 使用设置：cpu
2025-08-07 11:49:25,553 - EduRAG - INFO - 已加载集合 edurag_final
2025-08-07 11:49:25,591 - EduRAG - INFO - 使用设备: cpu
2025-08-07 11:49:25,640 - EduRAG - INFO - 加载模型: /Users/ligang/Desktop/EduRAG课堂资料/codes/integrated_qa_system/rag_qa/core/bert_query_classifier
2025-08-07 11:49:25,654 - EduRAG - INFO - 开始处理查询: 'RAG知识库中，你的Mysql数据库中能存储100w个样本吗', 知识过滤: None
2025-08-07 11:49:25,736 - EduRAG - INFO - 查询分类结果：通用知识 (查询: 'RAG知识库中，你的Mysql数据库中能存储100w个样本吗')
2025-08-07 11:49:25,736 - EduRAG - INFO - 查询为通用知识，直接调用 LLM
2025-08-07 11:49:46,259 - EduRAG - INFO - 使用设置：cpu
2025-08-07 11:49:48,690 - EduRAG - INFO - 已加载集合 edurag_final
2025-08-07 11:49:48,727 - EduRAG - INFO - 使用设备: cpu
2025-08-07 11:49:48,775 - EduRAG - INFO - 加载模型: /Users/ligang/Desktop/EduRAG课堂资料/codes/integrated_qa_system/rag_qa/core/bert_query_classifier
2025-08-07 11:49:48,791 - EduRAG - INFO - 开始处理查询: 'AI知识的RAG项目中，你的Mysql数据库中能存储100w个样本吗', 知识过滤: None
2025-08-07 11:49:48,880 - EduRAG - INFO - 查询分类结果：专业咨询 (查询: 'AI知识的RAG项目中，你的Mysql数据库中能存储100w个样本吗')
2025-08-07 11:49:48,880 - EduRAG - INFO - 查询为专业咨询，执行 RAG 流程
2025-08-07 11:49:49,585 - EduRAG - INFO - 为查询 'AI知识的RAG项目中，你的Mysql数据库中能存储100w个样本吗' 选择的检索策略：回溯问题检索
2025-08-07 11:49:49,585 - EduRAG - INFO - 使用回溯问题策略进行检索 (查询: 'AI知识的RAG项目中，你的Mysql数据库中能存储100w个样本吗')
2025-08-07 11:49:50,299 - EduRAG - INFO - 生成的回溯问题: '简化问题:  
你的Mysql数据库能存储100万条数据吗？'
2025-08-07 11:50:00,602 - EduRAG - INFO - 使用直接检索策略 (查询: 'AI知识的RAG项目中，你的Mysql数据库中能存储100w个样本吗')
2025-08-07 11:50:03,647 - EduRAG - INFO - 策略 '回溯问题检索' 检索到 2 个候选文档 (可能已是父文档)
2025-08-07 11:50:03,647 - EduRAG - INFO - 最终选取 2 个文档作为上下文
2025-08-07 11:53:22,587 - EduRAG - INFO - 使用设置：cpu
2025-08-07 11:53:25,211 - EduRAG - INFO - 已加载集合 edurag_final
2025-08-07 11:53:25,253 - EduRAG - INFO - 使用设备: cpu
2025-08-07 11:53:25,289 - EduRAG - INFO - 加载模型: /Users/ligang/Desktop/EduRAG课堂资料/codes/integrated_qa_system/rag_qa/core/bert_query_classifier
2025-08-07 11:53:25,304 - EduRAG - INFO - 开始处理查询: 'AI知识的RAG项目中，你的Mysql数据库中能存储100w个样本吗', 知识过滤: None
2025-08-07 11:53:25,661 - EduRAG - INFO - 查询分类结果：专业咨询 (查询: 'AI知识的RAG项目中，你的Mysql数据库中能存储100w个样本吗')
2025-08-07 11:53:25,661 - EduRAG - INFO - 查询为专业咨询，执行 RAG 流程
2025-08-07 11:53:26,594 - EduRAG - INFO - 为查询 'AI知识的RAG项目中，你的Mysql数据库中能存储100w个样本吗' 选择的检索策略：回溯问题检索
2025-08-07 11:53:26,594 - EduRAG - INFO - 使用回溯问题策略进行检索 (查询: 'AI知识的RAG项目中，你的Mysql数据库中能存储100w个样本吗')
2025-08-07 11:53:27,496 - EduRAG - INFO - 生成的回溯问题: '简化问题:  
你的Mysql数据库能存储100万条数据吗？'
2025-08-07 11:53:37,108 - EduRAG - INFO - 策略 '回溯问题检索' 检索到 2 个候选文档 (可能已是父文档)
2025-08-07 11:53:37,108 - EduRAG - INFO - 最终选取 2 个文档作为上下文
2025-08-07 14:43:15,271 - EduRAG - INFO - 使用设置：cpu
2025-08-07 14:43:18,054 - EduRAG - INFO - 已加载集合 edurag_final
2025-08-07 14:43:18,097 - EduRAG - INFO - 使用设备: cpu
2025-08-07 14:43:18,146 - EduRAG - INFO - 加载模型: /Users/ligang/Desktop/EduRAG课堂资料/codes/integrated_qa_system/rag_qa/core/bert_query_classifier
2025-08-07 14:43:18,161 - EduRAG - INFO - 使用子查询策略进行检索 (查询: 'AI和JAVA的区别是什么？')
2025-08-07 14:45:01,172 - EduRAG - INFO - 使用设置：cpu
2025-08-07 14:45:03,872 - EduRAG - INFO - 已加载集合 edurag_final
2025-08-07 14:45:03,913 - EduRAG - INFO - 使用设备: cpu
2025-08-07 14:45:03,960 - EduRAG - INFO - 加载模型: /Users/ligang/Desktop/EduRAG课堂资料/codes/integrated_qa_system/rag_qa/core/bert_query_classifier
2025-08-07 14:45:03,975 - EduRAG - INFO - 使用子查询策略进行检索 (查询: 'AI和JAVA的区别是什么？')
2025-08-07 14:47:39,955 - EduRAG - INFO - 使用设置：cpu
2025-08-07 14:47:42,659 - EduRAG - INFO - 已加载集合 edurag_final
2025-08-07 14:47:42,701 - EduRAG - INFO - 使用设备: cpu
2025-08-07 14:47:42,750 - EduRAG - INFO - 加载模型: /Users/ligang/Desktop/EduRAG课堂资料/codes/integrated_qa_system/rag_qa/core/bert_query_classifier
2025-08-07 14:47:42,765 - EduRAG - INFO - 使用子查询策略进行检索 (查询: 'AI和JAVA的区别是什么？')
2025-08-07 15:01:41,091 - EduRAG - INFO - 使用设置：cpu
2025-08-07 15:01:43,832 - EduRAG - INFO - 已加载集合 edurag_final
2025-08-07 15:01:43,876 - EduRAG - INFO - 使用设备: cpu
2025-08-07 15:01:43,924 - EduRAG - INFO - 加载模型: /Users/ligang/Desktop/EduRAG课堂资料/codes/integrated_qa_system/rag_qa/core/bert_query_classifier
2025-08-07 15:01:43,939 - EduRAG - INFO - 使用子查询策略进行检索 (查询: 'AI和JAVA的区别是什么？')
2025-08-07 15:01:44,994 - EduRAG - INFO - 生成的子查询: ['"AI 是什么？"', '"Java 是什么？"']
2025-08-07 15:07:59,394 - EduRAG - INFO - 使用设置：cpu
2025-08-07 15:08:02,397 - EduRAG - INFO - 已加载集合 edurag_final
2025-08-07 15:08:02,441 - EduRAG - INFO - 使用设备: cpu
2025-08-07 15:08:02,495 - EduRAG - INFO - 加载模型: /Users/ligang/Desktop/EduRAG课堂资料/codes/integrated_qa_system/rag_qa/core/bert_query_classifier
2025-08-07 15:08:02,514 - EduRAG - INFO - 使用子查询策略进行检索 (查询: 'AI和JAVA的区别是什么？')
2025-08-07 15:08:03,182 - EduRAG - INFO - 生成的子查询: ['"AI 是什么？"', '"Java 是什么？"']
2025-08-07 15:08:13,393 - EduRAG - INFO - 子查询 '"AI 是什么？"' 检索到 2 个文档
2025-08-07 15:08:18,369 - EduRAG - INFO - 子查询 '"Java 是什么？"' 检索到 2 个文档
2025-08-07 15:09:18,335 - EduRAG - INFO - 使用设置：cpu
2025-08-07 15:09:21,134 - EduRAG - INFO - 已加载集合 edurag_final
2025-08-07 15:09:21,178 - EduRAG - INFO - 使用设备: cpu
2025-08-07 15:09:21,237 - EduRAG - INFO - 加载模型: /Users/ligang/Desktop/EduRAG课堂资料/codes/integrated_qa_system/rag_qa/core/bert_query_classifier
2025-08-07 15:09:21,254 - EduRAG - INFO - 使用子查询策略进行检索 (查询: 'AI和JAVA的区别是什么？')
2025-08-07 15:09:21,893 - EduRAG - INFO - 生成的子查询: ['"AI 是什么？"', '"Java 是什么？"']
2025-08-07 15:09:29,575 - EduRAG - INFO - 子查询 '"AI 是什么？"' 检索到 2 个文档
2025-08-07 15:09:33,263 - EduRAG - INFO - 子查询 '"Java 是什么？"' 检索到 2 个文档
2025-08-07 15:19:38,047 - EduRAG - INFO - 使用设置：cpu
2025-08-07 15:19:41,487 - EduRAG - INFO - 已加载集合 edurag_final
2025-08-07 15:19:41,531 - EduRAG - INFO - 使用设备: cpu
2025-08-07 15:19:41,582 - EduRAG - INFO - 加载模型: /Users/ligang/Desktop/EduRAG课堂资料/codes/integrated_qa_system/rag_qa/core/bert_query_classifier
2025-08-07 15:19:41,601 - EduRAG - INFO - 使用子查询策略进行检索 (查询: 'AI和JAVA的区别是什么？')
2025-08-07 15:19:42,337 - EduRAG - INFO - 生成的子查询: ['"AI 是什么？"', '"JAVA 是什么？"']
2025-08-07 15:19:50,254 - EduRAG - INFO - 子查询 '"AI 是什么？"' 检索到 2 个文档
2025-08-07 15:19:53,320 - EduRAG - INFO - 子查询 '"JAVA 是什么？"' 检索到 2 个文档
2025-08-07 15:19:53,320 - EduRAG - INFO - 所有子查询共检索到 4 个文档, 去重后剩 4 个
2025-08-07 15:44:20,717 - EduRAG - INFO - 使用设置：cpu
2025-08-07 15:44:23,592 - EduRAG - INFO - 已加载集合 edurag_final
2025-08-07 15:44:23,642 - EduRAG - INFO - 使用设备: cpu
2025-08-07 15:44:23,691 - EduRAG - INFO - 加载模型: /Users/ligang/Desktop/EduRAG课堂资料/codes/integrated_qa_system/rag_qa/core/bert_query_classifier
2025-08-07 15:44:42,847 - EduRAG - INFO - 使用设置：cpu
2025-08-07 15:44:45,462 - EduRAG - INFO - 已加载集合 edurag_final
2025-08-07 15:44:45,503 - EduRAG - INFO - 使用设备: cpu
2025-08-07 15:44:45,549 - EduRAG - INFO - 加载模型: /Users/ligang/Desktop/EduRAG课堂资料/codes/integrated_qa_system/rag_qa/core/bert_query_classifier
2025-08-07 15:44:45,564 - EduRAG - INFO - 使用子查询策略进行检索 (查询: 'AI和JAVA的区别是什么？')
2025-08-07 15:44:46,400 - EduRAG - INFO - 生成的子查询: ['"AI 是什么？"', '"Java 是什么？"']
2025-08-07 15:44:54,783 - EduRAG - INFO - 子查询 '"AI 是什么？"' 检索到 2 个文档
2025-08-07 15:44:57,254 - EduRAG - INFO - 子查询 '"Java 是什么？"' 检索到 2 个文档
2025-08-07 15:44:57,254 - EduRAG - INFO - 所有子查询共检索到 4 个文档, 去重后剩 4 个
2025-08-07 15:52:58,812 - EduRAG - INFO - 使用设置：cpu
2025-08-07 15:53:01,580 - EduRAG - INFO - 已加载集合 edurag_final
2025-08-07 15:53:01,622 - EduRAG - INFO - 使用设备: cpu
2025-08-07 15:53:01,675 - EduRAG - INFO - 加载模型: /Users/ligang/Desktop/EduRAG课堂资料/codes/integrated_qa_system/rag_qa/core/bert_query_classifier
2025-08-07 15:53:01,690 - EduRAG - INFO - 开始处理查询: 'AI和JAVA的区别是什么？', 知识过滤: None
2025-08-07 15:53:02,423 - EduRAG - INFO - 查询分类结果：通用知识 (查询: 'AI和JAVA的区别是什么？')
2025-08-07 15:53:02,424 - EduRAG - INFO - 查询为通用知识，直接调用 LLM
2025-08-07 15:53:09,427 - EduRAG - INFO - 通用知识查询处理完成 (耗时: 7.74s, 查询: 'AI和JAVA的区别是什么？')
2025-08-07 15:53:36,842 - EduRAG - INFO - 使用设置：cpu
2025-08-07 15:53:39,407 - EduRAG - INFO - 已加载集合 edurag_final
2025-08-07 15:53:39,449 - EduRAG - INFO - 使用设备: cpu
2025-08-07 15:53:39,520 - EduRAG - INFO - 加载模型: /Users/ligang/Desktop/EduRAG课堂资料/codes/integrated_qa_system/rag_qa/core/bert_query_classifier
2025-08-07 15:53:39,535 - EduRAG - INFO - 开始处理查询: 'AI课程和JAVA的课程区别是什么？', 知识过滤: None
2025-08-07 15:53:39,672 - EduRAG - INFO - 查询分类结果：专业咨询 (查询: 'AI课程和JAVA的课程区别是什么？')
2025-08-07 15:53:39,672 - EduRAG - INFO - 查询为专业咨询，执行 RAG 流程
2025-08-07 15:53:40,308 - EduRAG - INFO - 为查询 'AI课程和JAVA的课程区别是什么？' 选择的检索策略：子查询检索
2025-08-07 15:53:40,309 - EduRAG - INFO - 使用子查询策略进行检索 (查询: 'AI课程和JAVA的课程区别是什么？')
2025-08-07 15:53:41,032 - EduRAG - INFO - 生成的子查询: ['"AI课程有哪些内容？"', '"JAVA课程有哪些内容？"']
2025-08-07 15:53:45,196 - EduRAG - INFO - 子查询 '"AI课程有哪些内容？"' 检索到 1 个文档
2025-08-07 15:53:45,299 - EduRAG - INFO - 子查询 '"JAVA课程有哪些内容？"' 检索到 1 个文档
2025-08-07 15:53:45,299 - EduRAG - INFO - 所有子查询共检索到 2 个文档, 去重后剩 2 个
2025-08-07 15:53:45,299 - EduRAG - INFO - 策略 '子查询检索' 检索到 2 个候选文档 (可能已是父文档)
2025-08-07 15:53:45,299 - EduRAG - INFO - 最终选取 2 个文档作为上下文
2025-08-07 16:05:03,403 - EduRAG - INFO - 使用设置：cpu
2025-08-07 16:05:06,037 - EduRAG - INFO - 已加载集合 edurag_final
2025-08-07 16:05:06,076 - EduRAG - INFO - 使用设备: cpu
2025-08-07 16:05:06,125 - EduRAG - INFO - 加载模型: /Users/ligang/Desktop/EduRAG课堂资料/codes/integrated_qa_system/rag_qa/core/bert_query_classifier
2025-08-07 16:05:06,141 - EduRAG - INFO - 开始处理查询: 'AI课程的NLP的技术有哪些', 知识过滤: None
2025-08-07 16:05:06,839 - EduRAG - INFO - 查询分类结果：专业咨询 (查询: 'AI课程的NLP的技术有哪些')
2025-08-07 16:05:06,839 - EduRAG - INFO - 查询为专业咨询，执行 RAG 流程
2025-08-07 16:05:07,663 - EduRAG - INFO - 为查询 'AI课程的NLP的技术有哪些' 选择的检索策略：子查询检索
2025-08-07 16:05:07,663 - EduRAG - INFO - 使用子查询策略进行检索 (查询: 'AI课程的NLP的技术有哪些')
2025-08-07 16:05:08,728 - EduRAG - INFO - 生成的子查询: ['"AI课程中涉及哪些NLP技术？"', '"NLP技术具体包括哪些内容？"']
2025-08-07 16:05:13,405 - EduRAG - INFO - 子查询 '"AI课程中涉及哪些NLP技术？"' 检索到 1 个文档
2025-08-07 16:05:13,763 - EduRAG - INFO - 子查询 '"NLP技术具体包括哪些内容？"' 检索到 1 个文档
2025-08-07 16:05:13,763 - EduRAG - INFO - 所有子查询共检索到 2 个文档, 去重后剩 2 个
2025-08-07 16:05:13,764 - EduRAG - INFO - 策略 '子查询检索' 检索到 2 个候选文档 (可能已是父文档)
2025-08-07 16:05:13,764 - EduRAG - INFO - 最终选取 2 个文档作为上下文
2025-08-07 16:06:18,805 - EduRAG - INFO - 使用设置：cpu
2025-08-07 16:06:21,377 - EduRAG - INFO - 已加载集合 edurag_final
2025-08-07 16:06:21,415 - EduRAG - INFO - 使用设备: cpu
2025-08-07 16:06:21,464 - EduRAG - INFO - 加载模型: /Users/ligang/Desktop/EduRAG课堂资料/codes/integrated_qa_system/rag_qa/core/bert_query_classifier
2025-08-07 16:06:21,480 - EduRAG - INFO - 使用 HyDE 策略进行检索 (查询: 'AI课程的NLP的技术有哪些?')
2025-08-07 16:06:24,871 - EduRAG - INFO - HyDE 生成的假设答案: '假设答案: AI课程中涉及的NLP（自然语言处理）技术包括文本分类、命名实体识别、情感分析、机器翻译、问答系统、语音识别与合成、词向量表示（如Word2Vec、GloVe）、Transformer模型（如BERT、GPT）等。这些技术广泛应用于智能助手、搜索引擎、聊天机器人等领域。'
2025-08-07 16:07:06,801 - EduRAG - INFO - 使用设置：cpu
2025-08-07 16:07:09,353 - EduRAG - INFO - 已加载集合 edurag_final
2025-08-07 16:07:09,392 - EduRAG - INFO - 使用设备: cpu
2025-08-07 16:07:09,419 - EduRAG - INFO - 加载模型: /Users/ligang/Desktop/EduRAG课堂资料/codes/integrated_qa_system/rag_qa/core/bert_query_classifier
2025-08-07 16:07:09,434 - EduRAG - INFO - 使用 HyDE 策略进行检索 (查询: 'AI课程的NLP的技术有哪些?')
2025-08-07 16:07:12,298 - EduRAG - INFO - HyDE 生成的假设答案: '假设答案: AI课程中涉及的NLP（自然语言处理）技术包括文本分类、命名实体识别、情感分析、机器翻译、问答系统、语音识别与合成、词向量表示（如Word2Vec、GloVe）、Transformer模型（如BERT、GPT）等。这些技术广泛应用于智能助手、搜索引擎、聊天机器人等领域。'
2025-08-07 16:08:14,381 - EduRAG - INFO - 使用设置：cpu
2025-08-07 16:08:17,025 - EduRAG - INFO - 已加载集合 edurag_final
2025-08-07 16:08:17,067 - EduRAG - INFO - 使用设备: cpu
2025-08-07 16:08:17,113 - EduRAG - INFO - 加载模型: /Users/ligang/Desktop/EduRAG课堂资料/codes/integrated_qa_system/rag_qa/core/bert_query_classifier
2025-08-07 16:08:17,129 - EduRAG - INFO - 开始处理查询: 'AI知识的课程内容实际应用有哪些', 知识过滤: ai
2025-08-07 16:08:17,810 - EduRAG - INFO - 查询分类结果：专业咨询 (查询: 'AI知识的课程内容实际应用有哪些')
2025-08-07 16:08:17,810 - EduRAG - INFO - 查询为专业咨询，执行 RAG 流程
2025-08-07 16:08:19,427 - EduRAG - INFO - 为查询 'AI知识的课程内容实际应用有哪些' 选择的检索策略：假设问题检索
2025-08-07 16:08:19,427 - EduRAG - INFO - 使用 HyDE 策略进行检索 (查询: 'AI知识的课程内容实际应用有哪些')
2025-08-07 16:08:22,344 - EduRAG - INFO - HyDE 生成的假设答案: '假设答案: AI知识的课程内容实际应用包括机器学习在数据分析和预测中的使用、自然语言处理在智能客服和翻译系统中的应用、计算机视觉在图像识别和自动驾驶中的运用、以及AI在医疗诊断、金融风控、智能制造等领域的解决方案开发。'
2025-08-07 16:08:31,857 - EduRAG - INFO - 策略 '假设问题检索' 检索到 2 个候选文档 (可能已是父文档)
2025-08-07 16:08:31,858 - EduRAG - INFO - 最终选取 2 个文档作为上下文
2025-08-07 16:19:11,455 - EduRAG - INFO - 使用设置：cpu
2025-08-07 16:19:14,354 - EduRAG - INFO - 已加载集合 edurag_final
2025-08-07 16:19:14,396 - EduRAG - INFO - 使用设备: cpu
2025-08-07 16:19:14,446 - EduRAG - INFO - 加载模型: /Users/ligang/Desktop/EduRAG课堂资料/codes/integrated_qa_system/rag_qa/core/bert_query_classifier
2025-08-07 16:19:14,461 - EduRAG - INFO - 开始处理查询: 'AI知识的课程内容实际应用有哪些', 知识过滤: ai
2025-08-07 16:19:15,181 - EduRAG - INFO - 查询分类结果：专业咨询 (查询: 'AI知识的课程内容实际应用有哪些')
2025-08-07 16:19:15,181 - EduRAG - INFO - 查询为专业咨询，执行 RAG 流程
2025-08-07 16:19:15,739 - EduRAG - INFO - 为查询 'AI知识的课程内容实际应用有哪些' 选择的检索策略：假设问题检索
2025-08-07 16:19:15,739 - EduRAG - INFO - 使用 HyDE 策略进行检索 (查询: 'AI知识的课程内容实际应用有哪些')
2025-08-07 16:19:17,654 - EduRAG - INFO - HyDE 生成的假设答案: '假设答案: AI知识的课程内容可应用于多个领域，例如自动驾驶技术、智能客服、医疗诊断辅助、金融风控、推荐系统等。通过学习机器学习、深度学习、自然语言处理等课程，学生能够开发出解决实际问题的AI应用。'
2025-08-07 16:19:26,408 - EduRAG - INFO - 策略 '假设问题检索' 检索到 2 个候选文档 (可能已是父文档)
2025-08-07 16:19:26,408 - EduRAG - INFO - 最终选取 2 个文档作为上下文
2025-08-07 16:23:34,847 - EduRAG - INFO - 使用设置：cpu
2025-08-07 16:23:37,473 - EduRAG - INFO - 已加载集合 edurag_final
2025-08-07 16:23:37,513 - EduRAG - INFO - 使用设备: cpu
2025-08-07 16:23:37,564 - EduRAG - INFO - 加载模型: /Users/ligang/Desktop/EduRAG课堂资料/codes/integrated_qa_system/rag_qa/core/bert_query_classifier
2025-08-07 16:23:37,581 - EduRAG - INFO - 开始处理查询: 'AI知识的课程内容实际应用有哪些', 知识过滤: ai
2025-08-07 16:23:38,153 - EduRAG - INFO - 查询分类结果：专业咨询 (查询: 'AI知识的课程内容实际应用有哪些')
2025-08-07 16:23:38,154 - EduRAG - INFO - 查询为专业咨询，执行 RAG 流程
2025-08-07 16:23:38,947 - EduRAG - INFO - 为查询 'AI知识的课程内容实际应用有哪些' 选择的检索策略：假设问题检索
2025-08-07 16:23:38,947 - EduRAG - INFO - 使用 HyDE 策略进行检索 (查询: 'AI知识的课程内容实际应用有哪些')
2025-08-07 16:23:40,663 - EduRAG - INFO - HyDE 生成的假设答案: '假设答案: AI知识的课程内容实际应用包括智能机器人开发、图像识别技术、自然语言处理、自动驾驶系统、金融风控模型、医疗诊断辅助等多个领域，帮助学生将理论知识应用于实际问题解决中。'
2025-08-07 16:23:51,287 - EduRAG - INFO - 策略 '假设问题检索' 检索到 2 个候选文档 (可能已是父文档)
2025-08-07 16:23:51,288 - EduRAG - INFO - 最终选取 2 个文档作为上下文
2025-08-07 16:23:51,288 - EduRAG - INFO - 构建上下文完成，包含 2 个文档块
2025-08-07 16:24:03,339 - EduRAG - INFO - 查询处理完成 (耗时: 25.76s, 查询: 'AI知识的课程内容实际应用有哪些')
2025-08-07 16:24:41,439 - EduRAG - INFO - 使用设置：cpu
2025-08-07 16:24:43,974 - EduRAG - INFO - 已加载集合 edurag_final
2025-08-07 16:24:44,013 - EduRAG - INFO - 使用设备: cpu
2025-08-07 16:24:44,062 - EduRAG - INFO - 加载模型: /Users/ligang/Desktop/EduRAG课堂资料/codes/integrated_qa_system/rag_qa/core/bert_query_classifier
2025-08-07 16:24:44,077 - EduRAG - INFO - 开始处理查询: '什么是AI', 知识过滤: ai
2025-08-07 16:24:44,564 - EduRAG - INFO - 查询分类结果：通用知识 (查询: '什么是AI')
2025-08-07 16:24:44,564 - EduRAG - INFO - 查询为通用知识，直接调用 LLM
2025-08-07 16:24:47,417 - EduRAG - INFO - 通用知识查询处理完成 (耗时: 3.34s, 查询: '什么是AI')
2025-08-07 16:25:15,179 - EduRAG - INFO - 使用设置：cpu
2025-08-07 16:25:17,651 - EduRAG - INFO - 已加载集合 edurag_final
2025-08-07 16:25:17,689 - EduRAG - INFO - 使用设备: cpu
2025-08-07 16:25:17,740 - EduRAG - INFO - 加载模型: /Users/ligang/Desktop/EduRAG课堂资料/codes/integrated_qa_system/rag_qa/core/bert_query_classifier
2025-08-07 16:25:17,755 - EduRAG - INFO - 开始处理查询: 'AI知识的课程大纲内容有什么', 知识过滤: ai
2025-08-07 16:25:17,844 - EduRAG - INFO - 查询分类结果：专业咨询 (查询: 'AI知识的课程大纲内容有什么')
2025-08-07 16:25:17,844 - EduRAG - INFO - 查询为专业咨询，执行 RAG 流程
2025-08-07 16:25:18,477 - EduRAG - INFO - 为查询 'AI知识的课程大纲内容有什么' 选择的检索策略：直接检索
2025-08-07 16:25:18,477 - EduRAG - INFO - 使用直接检索策略 (查询: 'AI知识的课程大纲内容有什么')
2025-08-07 16:25:26,943 - EduRAG - INFO - 策略 '直接检索' 检索到 2 个候选文档 (可能已是父文档)
2025-08-07 16:25:26,944 - EduRAG - INFO - 最终选取 2 个文档作为上下文
2025-08-07 16:25:26,944 - EduRAG - INFO - 构建上下文完成，包含 2 个文档块
2025-08-07 16:25:37,060 - EduRAG - INFO - 查询处理完成 (耗时: 19.31s, 查询: 'AI知识的课程大纲内容有什么')
2025-08-07 17:29:18,813 - EduRAG - INFO - 使用设置：cpu
2025-08-07 17:29:21,616 - EduRAG - INFO - 已加载集合 edurag_final
2025-08-07 17:29:21,624 - EduRAG - INFO - 进入数据处理模式...
2025-08-07 17:51:11,281 - EduRAG - INFO - 使用设置：cpu
2025-08-07 17:51:14,063 - EduRAG - INFO - 已加载集合 edurag_final
2025-08-07 17:51:14,069 - EduRAG - INFO - 进入交互式查询模式...
2025-08-07 17:51:14,089 - EduRAG - INFO - 使用设备: cpu
2025-08-07 17:51:14,138 - EduRAG - INFO - 加载模型: /Users/ligang/Desktop/EduRAG课堂资料/codes/integrated_qa_system/rag_qa/core/bert_query_classifier
2025-08-07 17:53:07,614 - EduRAG - INFO - 使用设置：cpu
2025-08-07 17:53:10,438 - EduRAG - INFO - 已加载集合 edurag_final
2025-08-07 17:53:10,443 - EduRAG - INFO - 进入交互式查询模式...
2025-08-07 17:53:10,463 - EduRAG - INFO - 使用设备: cpu
2025-08-07 17:53:10,515 - EduRAG - INFO - 加载模型: /Users/ligang/Desktop/EduRAG课堂资料/codes/integrated_qa_system/rag_qa/core/bert_query_classifier
2025-08-07 17:55:28,627 - EduRAG - INFO - 使用设置：cpu
2025-08-07 17:55:31,336 - EduRAG - INFO - 已加载集合 edurag_final
2025-08-07 17:55:31,343 - EduRAG - INFO - 进入交互式查询模式...
2025-08-07 17:55:31,368 - EduRAG - INFO - 使用设备: cpu
2025-08-07 17:55:31,399 - EduRAG - INFO - 加载模型: /Users/ligang/Desktop/EduRAG课堂资料/codes/integrated_qa_system/rag_qa/core/bert_query_classifier
2025-08-07 17:57:23,247 - EduRAG - INFO - 使用设置：cpu
2025-08-07 17:57:25,919 - EduRAG - INFO - 已加载集合 edurag_final
2025-08-07 17:57:25,924 - EduRAG - INFO - 进入交互式查询模式...
2025-08-07 17:57:25,944 - EduRAG - INFO - 使用设备: cpu
2025-08-07 17:57:25,990 - EduRAG - INFO - 加载模型: /Users/ligang/Desktop/EduRAG课堂资料/codes/integrated_qa_system/rag_qa/core/bert_query_classifier
2025-08-07 17:57:31,863 - EduRAG - INFO - 用户选择了知识过滤: ai
2025-08-07 17:57:37,050 - EduRAG - WARNING - 无效的知识类别 'a'，将不过滤
2025-08-07 17:58:45,226 - EduRAG - INFO - 使用设置：cpu
2025-08-07 17:58:47,863 - EduRAG - INFO - 已加载集合 edurag_final
2025-08-07 17:58:47,868 - EduRAG - INFO - 进入交互式查询模式...
2025-08-07 17:58:47,887 - EduRAG - INFO - 使用设备: cpu
2025-08-07 17:58:47,934 - EduRAG - INFO - 加载模型: /Users/ligang/Desktop/EduRAG课堂资料/codes/integrated_qa_system/rag_qa/core/bert_query_classifier
2025-08-07 17:58:58,206 - EduRAG - INFO - 用户选择了知识过滤: ai
2025-08-07 17:58:58,206 - EduRAG - INFO - 开始处理查询: '什么是AI', 知识过滤: ai
2025-08-07 17:58:58,980 - EduRAG - INFO - 查询分类结果：通用知识 (查询: '什么是AI')
2025-08-07 17:58:58,980 - EduRAG - INFO - 查询为通用知识，直接调用 LLM
2025-08-07 17:59:00,413 - EduRAG - INFO - 通用知识查询处理完成 (耗时: 2.21s, 查询: '什么是AI')
2025-08-07 17:59:30,418 - EduRAG - INFO - 用户选择了知识过滤: ai
2025-08-07 17:59:30,419 - EduRAG - INFO - 开始处理查询: 'AI知识的课程目录简要说明一下', 知识过滤: ai
2025-08-07 17:59:30,515 - EduRAG - INFO - 查询分类结果：专业咨询 (查询: 'AI知识的课程目录简要说明一下')
2025-08-07 17:59:30,515 - EduRAG - INFO - 查询为专业咨询，执行 RAG 流程
2025-08-07 17:59:30,968 - EduRAG - INFO - 为查询 'AI知识的课程目录简要说明一下' 选择的检索策略：直接检索
2025-08-07 17:59:30,968 - EduRAG - INFO - 使用直接检索策略 (查询: 'AI知识的课程目录简要说明一下')
2025-08-07 17:59:39,787 - EduRAG - INFO - 策略 '直接检索' 检索到 2 个候选文档 (可能已是父文档)
2025-08-07 17:59:39,787 - EduRAG - INFO - 最终选取 2 个文档作为上下文
2025-08-07 17:59:39,787 - EduRAG - INFO - 构建上下文完成，包含 2 个文档块
2025-08-07 17:59:51,845 - EduRAG - INFO - 查询处理完成 (耗时: 21.43s, 查询: 'AI知识的课程目录简要说明一下')
2025-08-07 18:01:44,143 - EduRAG - INFO - 使用设置：cpu
2025-08-07 18:01:46,786 - EduRAG - INFO - 已加载集合 edurag_final
2025-08-07 18:01:46,793 - EduRAG - INFO - 进入数据处理模式...
2025-08-07 18:01:46,793 - EduRAG - INFO - 开始处理目录: /Users/ligang/Desktop/EduRAG课堂资料/codes/integrated_qa_system/rag_qa/data/ai_data
2025-08-07 18:01:47,287 - EduRAG - INFO - 成功加载文件: /Users/ligang/Desktop/EduRAG课堂资料/codes/integrated_qa_system/rag_qa/data/ai_data/LLM基础知识.pdf
2025-08-07 18:01:49,888 - EduRAG - INFO - 成功加载文件: /Users/ligang/Desktop/EduRAG课堂资料/codes/integrated_qa_system/rag_qa/data/ai_data/人工智能就业课课程大纲.md
2025-08-07 18:01:49,888 - EduRAG - INFO - 加载的文档数量: 2
2025-08-07 18:01:49,888 - EduRAG - INFO - 处理文档: /Users/ligang/Desktop/EduRAG课堂资料/codes/integrated_qa_system/rag_qa/data/ai_data/LLM基础知识.pdf, 使用切分器: ChineseRecursive
2025-08-07 18:01:49,890 - EduRAG - INFO - 处理文档: /Users/ligang/Desktop/EduRAG课堂资料/codes/integrated_qa_system/rag_qa/data/ai_data/人工智能就业课课程大纲.md, 使用切分器: Markdown
2025-08-07 18:01:49,891 - EduRAG - INFO - 子块数量: 86
2025-08-07 18:01:57,648 - EduRAG - INFO - 已插入或更新 86 个文档
2025-08-07 18:01:57,649 - EduRAG - INFO - 成功处理目录 /Users/ligang/Desktop/EduRAG课堂资料/codes/integrated_qa_system/rag_qa/data/ai_data，添加了 86 个文档块
2025-08-07 18:01:57,649 - EduRAG - WARNING - 目录 /Users/ligang/Desktop/EduRAG课堂资料/codes/integrated_qa_system/rag_qa/data/java_data 不存在，跳过处理
2025-08-07 18:01:57,649 - EduRAG - WARNING - 目录 /Users/ligang/Desktop/EduRAG课堂资料/codes/integrated_qa_system/rag_qa/data/test_data 不存在，跳过处理
2025-08-07 18:01:57,649 - EduRAG - WARNING - 目录 /Users/ligang/Desktop/EduRAG课堂资料/codes/integrated_qa_system/rag_qa/data/ops_data 不存在，跳过处理
2025-08-07 18:01:57,649 - EduRAG - WARNING - 目录 /Users/ligang/Desktop/EduRAG课堂资料/codes/integrated_qa_system/rag_qa/data/bigdata_data 不存在，跳过处理
2025-08-07 18:01:57,649 - EduRAG - INFO - 数据处理完成，共添加了 86 个文档块到向量存储
2025-08-07 18:20:31,928 - EduRAG - INFO - 使用设置：cpu
2025-08-07 18:20:34,647 - EduRAG - INFO - 已加载集合 edurag_final
2025-08-07 18:20:34,652 - EduRAG - INFO - 进入交互式查询模式...
2025-08-07 18:20:34,671 - EduRAG - INFO - 使用设备: cpu
2025-08-07 18:20:34,721 - EduRAG - INFO - 加载模型: /Users/ligang/Desktop/EduRAG课堂资料/codes/integrated_qa_system/rag_qa/core/bert_query_classifier
2025-08-07 18:20:49,096 - EduRAG - INFO - 用户选择了知识过滤: ai
2025-08-07 18:20:49,097 - EduRAG - INFO - 开始处理查询: '什么是AI', 知识过滤: ai
2025-08-07 18:20:49,902 - EduRAG - INFO - 查询分类结果：通用知识 (查询: '什么是AI')
2025-08-07 18:20:49,903 - EduRAG - INFO - 查询为通用知识，直接调用 LLM
2025-08-07 18:20:56,101 - EduRAG - INFO - 通用知识查询处理完成 (耗时: 7.00s, 查询: '什么是AI')
2025-08-08 11:09:40,822 - EduRAG - INFO - 用户退出查询模式
2025-08-08 11:35:54,543 - EduRAG - INFO - MySQL 连接成功
2025-08-08 11:35:54,545 - EduRAG - INFO - Redis 连接成功
2025-08-08 11:35:54,558 - EduRAG - INFO - BM25 模型初始化完成
2025-08-08 11:35:54,587 - EduRAG - INFO - 使用设置：cpu
2025-08-08 11:35:57,474 - EduRAG - INFO - 已加载集合 edurag_final
2025-08-08 11:35:57,502 - EduRAG - INFO - 使用设备: cpu
2025-08-08 11:35:57,555 - EduRAG - INFO - 加载模型: /Users/ligang/Desktop/EduRAG课堂资料/codes/integrated_qa_system/rag_qa/core/bert_query_classifier
2025-08-08 11:53:58,963 - EduRAG - INFO - MySQL 连接成功
2025-08-08 11:53:58,965 - EduRAG - INFO - Redis 连接成功
2025-08-08 11:53:58,980 - EduRAG - INFO - BM25 模型初始化完成
2025-08-08 11:53:59,001 - EduRAG - INFO - 使用设置：cpu
2025-08-08 11:54:01,878 - EduRAG - INFO - 已加载集合 edurag_final
2025-08-08 11:54:01,905 - EduRAG - INFO - 使用设备: cpu
2025-08-08 11:54:01,965 - EduRAG - INFO - 加载模型: /Users/ligang/Desktop/EduRAG课堂资料/codes/integrated_qa_system/rag_qa/core/bert_query_classifier
2025-08-08 11:54:01,983 - EduRAG - INFO - 处理查询: '什么是AI'
2025-08-08 11:54:01,985 - EduRAG - INFO - 开始预处理文本
2025-08-08 11:54:02,334 - EduRAG - INFO - 未找到可靠答案，最高 Softmax 相似度: 0.188
2025-08-08 11:54:02,334 - EduRAG - INFO - 无可靠 MySQL 答案，回退到 RAG
2025-08-08 11:54:02,334 - EduRAG - INFO - 开始处理查询: '什么是AI', 知识过滤: ai
2025-08-08 11:54:03,080 - EduRAG - INFO - 查询分类结果：通用知识 (查询: '什么是AI')
2025-08-08 11:54:03,081 - EduRAG - INFO - 查询为通用知识，直接调用 LLM
2025-08-08 11:54:05,214 - EduRAG - INFO - 通用知识查询处理完成 (耗时: 2.88s, 查询: '什么是AI')
2025-08-08 11:54:05,214 - EduRAG - INFO - RAG 答案: AI是人工智能（Artificial Intelligence）的缩写，指的是一种由人创造的能够感知环境、学习知识、逻辑推理并执行任务的智能体。它通过算法和计算机系统模拟人类智能，具备一定的学习、推理、感知和解决问题的能力。AI可以应用于多个领域，如自动驾驶、医疗诊断、语音识别、图像处理等。
2025-08-08 11:54:05,214 - EduRAG - INFO - 查询处理耗时 3.23秒
2025-08-08 11:54:34,525 - EduRAG - INFO - MySQL 连接成功
2025-08-08 11:54:34,526 - EduRAG - INFO - Redis 连接成功
2025-08-08 11:54:34,534 - EduRAG - INFO - BM25 模型初始化完成
2025-08-08 11:54:34,555 - EduRAG - INFO - 使用设置：cpu
2025-08-08 11:54:37,196 - EduRAG - INFO - 已加载集合 edurag_final
2025-08-08 11:54:37,220 - EduRAG - INFO - 使用设备: cpu
2025-08-08 11:54:37,270 - EduRAG - INFO - 加载模型: /Users/ligang/Desktop/EduRAG课堂资料/codes/integrated_qa_system/rag_qa/core/bert_query_classifier
2025-08-08 11:54:37,285 - EduRAG - INFO - 处理查询: 'AI知识的课程内容有哪些'
2025-08-08 11:54:37,287 - EduRAG - INFO - 开始预处理文本
2025-08-08 11:54:37,611 - EduRAG - INFO - 未找到可靠答案，最高 Softmax 相似度: 0.754
2025-08-08 11:54:37,611 - EduRAG - INFO - 无可靠 MySQL 答案，回退到 RAG
2025-08-08 11:54:37,611 - EduRAG - INFO - 开始处理查询: 'AI知识的课程内容有哪些', 知识过滤: ai
2025-08-08 11:54:38,364 - EduRAG - INFO - 查询分类结果：专业咨询 (查询: 'AI知识的课程内容有哪些')
2025-08-08 11:54:38,364 - EduRAG - INFO - 查询为专业咨询，执行 RAG 流程
2025-08-08 11:54:39,083 - EduRAG - INFO - 为查询 'AI知识的课程内容有哪些' 选择的检索策略：直接检索
2025-08-08 11:54:39,083 - EduRAG - INFO - 使用直接检索策略 (查询: 'AI知识的课程内容有哪些')
2025-08-08 11:54:48,471 - EduRAG - INFO - 策略 '直接检索' 检索到 2 个候选文档 (可能已是父文档)
2025-08-08 11:54:48,471 - EduRAG - INFO - 最终选取 2 个文档作为上下文
2025-08-08 11:54:48,471 - EduRAG - INFO - 构建上下文完成，包含 2 个文档块
2025-08-08 11:54:55,236 - EduRAG - INFO - 查询处理完成 (耗时: 17.62s, 查询: 'AI知识的课程内容有哪些')
2025-08-08 11:54:55,236 - EduRAG - INFO - RAG 答案: AI知识的课程内容包括以下主要部分：

1. **大模型语言基础**：涵盖Python语言编程、机器学习开发流程、特征工程、常用算法（如KNN、线性回归、逻辑回归、决策树、集成学习等）以及电力负荷预测案例实践。

2. **大模型语言进阶**：深入学习大模型相关的技术与应用。

3. **数据处理与统计分析**：掌握数据处理和统计分析的核心方法。

4. **机器学习**：进一步提升机器学习技术，包括算法优化和高级应用。

5. **深度学习基础**：学习神经网络基础知识、PyTorch框架使用、反向传播原理、卷积神经网络（CNN）和循环神经网络（RNN），以及相关案例实践（如图像分类和文本生成）。

6. **NLP自然语言处理基础**：学习自然语言处理的基础知识，包括词嵌入、RNN原理及实现、文本生成案例等。

7. **自然语言处理项目1**：通过项目实践提升NLP技能。

8. **自然语言处理项目2**：继续深入实践NLP技术。

9. **大模型开发基础与项目**：学习大规模深度学习模型的设计、实现和优化，并进行实战项目。

此外，还有两个赠送内容：
- **图像分析基础**：介绍图像分析的基本技术。
- **多模态大模型综合项目**：结合多种数据类型进行大模型综合应用开发。

课程全面覆盖大模型、NLP和深度学习技术栈，旨在培养能够应对企业需求的实战型AI人才。
2025-08-08 11:54:55,236 - EduRAG - INFO - 查询处理耗时 17.95秒
2025-08-08 11:56:22,885 - EduRAG - INFO - MySQL 连接成功
2025-08-08 11:56:22,886 - EduRAG - INFO - Redis 连接成功
2025-08-08 11:56:22,895 - EduRAG - INFO - BM25 模型初始化完成
2025-08-08 11:56:22,914 - EduRAG - INFO - 使用设置：cpu
2025-08-08 11:56:25,484 - EduRAG - INFO - 已加载集合 edurag_final
2025-08-08 11:56:25,507 - EduRAG - INFO - 使用设备: cpu
2025-08-08 11:56:25,554 - EduRAG - INFO - 加载模型: /Users/ligang/Desktop/EduRAG课堂资料/codes/integrated_qa_system/rag_qa/core/bert_query_classifier
2025-08-08 11:56:25,570 - EduRAG - INFO - 处理查询: '如何利用上下文管理器实运行时间的计算?'
2025-08-08 11:56:25,575 - EduRAG - INFO - 开始预处理文本
2025-08-08 11:56:25,952 - EduRAG - INFO - 存储数据到 Redis: answer:如何利用上下文管理器实运行时间的计算?
2025-08-08 11:56:25,952 - EduRAG - INFO - 搜索成功，Softamx相似度：1.000
2025-08-08 11:56:25,952 - EduRAG - INFO - MySQL 答案: import time
import contextlib


@contextlib.contextmanager
def timing():
    start = time.time()
    yield None
    end = time.time()
    print("函数执行时间是%d毫秒" % (end - start))


def func(number):
    li = [1, 2, 4]
    if number < 4:
        return li[number - 1]
    else:
        if number > 3:
            return func(number - 1) + func(number - 2) + func(number - 3)


with timing():
    print(func(30))
2025-08-08 11:56:25,952 - EduRAG - INFO - 查询处理耗时 0.38秒
2025-08-08 14:55:11,037 - EduRAG - INFO - MySQL 连接成功
2025-08-08 14:55:11,039 - EduRAG - INFO - Redis 连接成功
2025-08-08 14:55:11,055 - EduRAG - INFO - BM25 模型初始化完成
2025-08-08 14:55:11,077 - EduRAG - INFO - 使用设置：cpu
2025-08-08 14:55:13,860 - EduRAG - INFO - 已加载集合 edurag_final
2025-08-08 14:55:13,891 - EduRAG - INFO - 使用设备: cpu
2025-08-08 14:55:13,943 - EduRAG - INFO - 加载模型: /Users/ligang/Desktop/EduRAG课堂资料/codes/integrated_qa_system/rag_qa/core/bert_query_classifier
2025-08-08 14:55:40,337 - EduRAG - INFO - 处理查询: 'AI知识的课程内容有哪些'
2025-08-08 14:55:40,344 - EduRAG - INFO - 开始预处理文本
2025-08-08 14:55:40,714 - EduRAG - INFO - 未找到可靠答案，最高 Softmax 相似度: 0.754
2025-08-08 14:55:40,714 - EduRAG - INFO - 无可靠 MySQL 答案，回退到 RAG
2025-08-08 14:55:40,714 - EduRAG - INFO - 开始处理查询: 'AI知识的课程内容有哪些', 知识过滤: ai
2025-08-08 14:55:41,552 - EduRAG - INFO - 查询分类结果：专业咨询 (查询: 'AI知识的课程内容有哪些')
2025-08-08 14:55:41,552 - EduRAG - INFO - 查询为专业咨询，执行 RAG 流程
2025-08-08 14:55:42,281 - EduRAG - INFO - 为查询 'AI知识的课程内容有哪些' 选择的检索策略：直接检索
2025-08-08 14:55:42,281 - EduRAG - INFO - 使用直接检索策略 (查询: 'AI知识的课程内容有哪些')
2025-08-08 14:55:52,187 - EduRAG - INFO - 策略 '直接检索' 检索到 2 个候选文档 (可能已是父文档)
2025-08-08 14:55:52,188 - EduRAG - INFO - 最终选取 2 个文档作为上下文
2025-08-08 14:55:52,188 - EduRAG - INFO - 构建上下文完成，包含 2 个文档块
2025-08-08 14:56:02,234 - EduRAG - INFO - 查询处理完成 (耗时: 21.52s, 查询: 'AI知识的课程内容有哪些')
2025-08-08 14:56:02,234 - EduRAG - INFO - RAG 答案: AI知识的课程内容涵盖了多个关键领域，包括：

1. **大模型语言基础**：掌握人工智能Python语言，建立编程思维，使用Python完成基础程序编写。
2. **大模型语言进阶**：深入学习大模型相关技术。
3. **数据处理与统计分析**：掌握数据挖掘和分析的基础技能。
4. **机器学习**：学习机器学习开发流程、算法分类、模型评估等，掌握KNN、线性回归、逻辑回归、决策树、集成学习、KMeans聚类等常用算法。
5. **深度学习基础**：掌握深度学习基础及神经网络经典算法，学习PyTorch框架，理解反向传播原理，掌握卷积神经网络（CNN）和循环神经网络（RNN）。
6. **NLP自然语言处理基础**：学习自然语言处理基础知识，包括词嵌入、RNN原理及其应用。
7. **自然语言处理项目1**：实践自然语言处理相关项目。
8. **自然语言处理项目2**：进一步深入自然语言处理的实战项目。
9. **大模型开发基础与项目**：学习大模型开发基础，并通过项目实战提升技能。
10. **图像分析基础（赠送内容）**：了解图像分析的基本技术。
11. **多模态大模型综合项目（赠送内容）**：通过多模态大模型项目综合运用所学技能。

课程还包括学习机器学习技术栈完成数据挖掘任务，以及深度学习技术栈完成NLP自然语言处理与大模型开发任务，旨在培养懂AI、能实战的大模型应用开发人才。
2025-08-08 14:56:02,234 - EduRAG - INFO - 查询处理耗时 21.90秒
2025-08-08 14:56:59,248 - EduRAG - INFO - 处理查询: ''
2025-08-08 14:56:59,250 - EduRAG - ERROR - 无效查询
2025-08-08 14:56:59,250 - EduRAG - INFO - 未找到答案
2025-08-08 14:56:59,250 - EduRAG - INFO - 查询处理耗时 0.00秒
2025-08-08 14:57:02,777 - EduRAG - INFO - MySQL 连接已关闭
2025-08-08 14:57:13,693 - EduRAG - INFO - MySQL 连接成功
2025-08-08 14:57:13,695 - EduRAG - INFO - Redis 连接成功
2025-08-08 14:57:13,704 - EduRAG - INFO - BM25 模型初始化完成
2025-08-08 14:57:13,728 - EduRAG - INFO - 使用设置：cpu
2025-08-08 14:57:16,403 - EduRAG - INFO - 已加载集合 edurag_final
2025-08-08 14:57:16,427 - EduRAG - INFO - 使用设备: cpu
2025-08-08 14:57:16,475 - EduRAG - INFO - 加载模型: /Users/ligang/Desktop/EduRAG课堂资料/codes/integrated_qa_system/rag_qa/core/bert_query_classifier
2025-08-08 14:57:31,215 - EduRAG - INFO - 处理查询: 'AI知识的课程内容有哪些'
2025-08-08 14:57:31,220 - EduRAG - INFO - 开始预处理文本
2025-08-08 14:57:31,552 - EduRAG - INFO - 未找到可靠答案，最高 Softmax 相似度: 0.754
2025-08-08 14:57:31,552 - EduRAG - INFO - 无可靠 MySQL 答案，回退到 RAG
2025-08-08 14:57:31,552 - EduRAG - INFO - 开始处理查询: 'AI知识的课程内容有哪些', 知识过滤: ai
2025-08-08 14:57:32,189 - EduRAG - INFO - 查询分类结果：专业咨询 (查询: 'AI知识的课程内容有哪些')
2025-08-08 14:57:32,189 - EduRAG - INFO - 查询为专业咨询，执行 RAG 流程
2025-08-08 14:57:32,771 - EduRAG - INFO - 为查询 'AI知识的课程内容有哪些' 选择的检索策略：直接检索
2025-08-08 14:57:32,771 - EduRAG - INFO - 使用直接检索策略 (查询: 'AI知识的课程内容有哪些')
2025-08-08 14:57:40,849 - EduRAG - INFO - 策略 '直接检索' 检索到 2 个候选文档 (可能已是父文档)
2025-08-08 14:57:40,850 - EduRAG - INFO - 最终选取 2 个文档作为上下文
2025-08-08 14:57:40,850 - EduRAG - INFO - 构建上下文完成，包含 2 个文档块
2025-08-08 14:57:49,494 - EduRAG - INFO - 查询处理完成 (耗时: 17.94s, 查询: 'AI知识的课程内容有哪些')
2025-08-08 14:57:49,495 - EduRAG - INFO - RAG 答案: AI知识的课程内容包括以下主要部分：

1. **大模型语言基础**：涵盖Python语言编程、机器学习基础算法（如KNN、线性回归、逻辑回归、决策树、集成学习等）和特征工程等内容。

2. **大模型语言进阶**：深入讲解大模型开发相关的技术要点。

3. **数据处理与统计分析**：重点培养数据处理和分析能力。

4. **机器学习**：详细讲解机器学习的各类算法及应用，包括监督学习、非监督学习等。

5. **深度学习基础**：学习神经网络、PyTorch深度学习框架、卷积神经网络（CNN）、循环神经网络（RNN）等内容。

6. **NLP自然语言处理基础**：涉及自然语言处理的基本原理和技术，包括词嵌入、RNN的应用等。

7. **自然语言处理项目1**：通过实际项目掌握NLP相关技术。

8. **自然语言处理项目2**：进一步深化NLP实战能力。

9. **大模型开发基础与项目**：聚焦大模型开发与应用，结合实战项目提升技能。

此外，课程还包含以下赠送内容：
- **图像分析基础**：介绍图像处理和分析的基础知识。
- **多模态大模型综合项目**：综合应用多模态大模型解决实际问题。

课程内容覆盖从基础编程、机器学习到深度学习和大模型开发的全流程，旨在培养能够应对企业需求的AI应用开发人才。
2025-08-08 14:57:49,495 - EduRAG - INFO - 查询处理耗时 18.28秒
2025-08-08 15:10:29,503 - EduRAG - INFO - MySQL 连接已关闭
2025-08-08 15:44:40,288 - EduRAG - INFO - MySQL 连接成功
2025-08-08 15:44:40,290 - EduRAG - INFO - Redis 连接成功
2025-08-08 15:44:40,303 - EduRAG - INFO - BM25 模型初始化完成
2025-08-08 15:44:40,325 - EduRAG - INFO - 使用设置：cpu
2025-08-08 15:44:43,169 - EduRAG - INFO - 已加载集合 edurag_final
2025-08-08 15:44:43,196 - EduRAG - INFO - 使用设备: cpu
2025-08-08 15:44:43,248 - EduRAG - INFO - 加载模型: /Users/ligang/Desktop/EduRAG课堂资料/codes/integrated_qa_system/rag_qa/core/bert_query_classifier
2025-08-08 15:57:14,171 - EduRAG - INFO - MySQL 连接成功
2025-08-08 15:57:14,172 - EduRAG - INFO - Redis 连接成功
2025-08-08 15:57:14,184 - EduRAG - INFO - BM25 模型初始化完成
2025-08-08 15:57:14,204 - EduRAG - INFO - 使用设置：cpu
2025-08-08 15:57:16,803 - EduRAG - INFO - 已加载集合 edurag_final
2025-08-08 15:57:16,828 - EduRAG - INFO - 使用设备: cpu
2025-08-08 15:57:16,879 - EduRAG - INFO - 加载模型: /Users/ligang/Desktop/EduRAG课堂资料/codes/integrated_qa_system/rag_qa/core/bert_query_classifier
2025-08-08 15:57:16,967 - EduRAG - INFO - 对话历史表初始化成功
2025-08-08 16:08:07,379 - EduRAG - INFO - MySQL 连接成功
2025-08-08 16:08:07,380 - EduRAG - INFO - Redis 连接成功
2025-08-08 16:08:07,395 - EduRAG - INFO - BM25 模型初始化完成
2025-08-08 16:08:07,417 - EduRAG - INFO - 使用设置：cpu
2025-08-08 16:08:10,311 - EduRAG - INFO - 已加载集合 edurag_final
2025-08-08 16:08:10,337 - EduRAG - INFO - 使用设备: cpu
2025-08-08 16:08:10,386 - EduRAG - INFO - 加载模型: /Users/ligang/Desktop/EduRAG课堂资料/codes/integrated_qa_system/rag_qa/core/bert_query_classifier
2025-08-08 16:08:10,407 - EduRAG - INFO - 对话历史表初始化成功
2025-08-08 16:09:46,596 - EduRAG - INFO - MySQL 连接成功
2025-08-08 16:09:46,597 - EduRAG - INFO - Redis 连接成功
2025-08-08 16:09:46,609 - EduRAG - INFO - BM25 模型初始化完成
2025-08-08 16:09:46,631 - EduRAG - INFO - 使用设置：cpu
2025-08-08 16:09:49,426 - EduRAG - INFO - 已加载集合 edurag_final
2025-08-08 16:09:49,454 - EduRAG - INFO - 使用设备: cpu
2025-08-08 16:09:49,503 - EduRAG - INFO - 加载模型: /Users/ligang/Desktop/EduRAG课堂资料/codes/integrated_qa_system/rag_qa/core/bert_query_classifier
2025-08-08 16:09:49,523 - EduRAG - INFO - 对话历史表初始化成功
2025-08-08 16:14:30,352 - EduRAG - INFO - MySQL 连接成功
2025-08-08 16:14:30,354 - EduRAG - INFO - Redis 连接成功
2025-08-08 16:14:30,371 - EduRAG - INFO - BM25 模型初始化完成
2025-08-08 16:14:30,394 - EduRAG - INFO - 使用设置：cpu
2025-08-08 16:14:33,231 - EduRAG - INFO - 已加载集合 edurag_final
2025-08-08 16:14:33,258 - EduRAG - INFO - 使用设备: cpu
2025-08-08 16:14:33,308 - EduRAG - INFO - 加载模型: /Users/ligang/Desktop/EduRAG课堂资料/codes/integrated_qa_system/rag_qa/core/bert_query_classifier
2025-08-08 16:14:33,328 - EduRAG - INFO - 对话历史表初始化成功
2025-08-08 16:15:18,634 - EduRAG - INFO - MySQL 连接成功
2025-08-08 16:15:18,636 - EduRAG - INFO - Redis 连接成功
2025-08-08 16:15:18,646 - EduRAG - INFO - BM25 模型初始化完成
2025-08-08 16:15:18,668 - EduRAG - INFO - 使用设置：cpu
2025-08-08 16:15:21,787 - EduRAG - INFO - 已加载集合 edurag_final
2025-08-08 16:15:21,815 - EduRAG - INFO - 使用设备: cpu
2025-08-08 16:15:21,864 - EduRAG - INFO - 加载模型: /Users/ligang/Desktop/EduRAG课堂资料/codes/integrated_qa_system/rag_qa/core/bert_query_classifier
2025-08-08 16:15:21,885 - EduRAG - INFO - 对话历史表初始化成功
2025-08-08 16:43:11,671 - EduRAG - INFO - MySQL 连接成功
2025-08-08 16:43:11,673 - EduRAG - INFO - Redis 连接成功
2025-08-08 16:43:11,682 - EduRAG - INFO - BM25 模型初始化完成
2025-08-08 16:43:11,712 - EduRAG - INFO - 使用设置：cpu
2025-08-08 16:43:14,739 - EduRAG - INFO - 已加载集合 edurag_final
2025-08-08 16:43:14,767 - EduRAG - INFO - 使用设备: cpu
2025-08-08 16:43:14,820 - EduRAG - INFO - 加载模型: /Users/ligang/Desktop/EduRAG课堂资料/codes/integrated_qa_system/rag_qa/core/bert_query_classifier
2025-08-08 16:43:14,841 - EduRAG - INFO - 对话历史表初始化成功
2025-08-08 16:43:14,841 - EduRAG - INFO - 处理查询: '你是谁' (会话ID: None)
2025-08-08 16:50:41,861 - EduRAG - INFO - MySQL 连接成功
2025-08-08 16:50:41,862 - EduRAG - INFO - Redis 连接成功
2025-08-08 16:50:41,878 - EduRAG - INFO - BM25 模型初始化完成
2025-08-08 16:50:41,906 - EduRAG - INFO - 使用设置：cpu
2025-08-08 16:50:44,819 - EduRAG - INFO - 已加载集合 edurag_final
2025-08-08 16:50:44,852 - EduRAG - INFO - 使用设备: cpu
2025-08-08 16:50:44,900 - EduRAG - INFO - 加载模型: /Users/ligang/Desktop/EduRAG课堂资料/codes/integrated_qa_system/rag_qa/core/bert_query_classifier
2025-08-08 16:50:44,924 - EduRAG - INFO - 对话历史表初始化成功
2025-08-08 16:54:29,559 - EduRAG - INFO - MySQL 连接成功
2025-08-08 16:54:29,561 - EduRAG - INFO - Redis 连接成功
2025-08-08 16:54:29,568 - EduRAG - INFO - BM25 模型初始化完成
2025-08-08 16:54:29,588 - EduRAG - INFO - 使用设置：cpu
2025-08-08 16:54:32,279 - EduRAG - INFO - 已加载集合 edurag_final
2025-08-08 16:54:32,306 - EduRAG - INFO - 使用设备: cpu
2025-08-08 16:54:32,354 - EduRAG - INFO - 加载模型: /Users/ligang/Desktop/EduRAG课堂资料/codes/integrated_qa_system/rag_qa/core/bert_query_classifier
2025-08-08 16:54:32,377 - EduRAG - INFO - 对话历史表初始化成功
2025-08-08 16:54:52,854 - EduRAG - INFO - MySQL 连接成功
2025-08-08 16:54:52,855 - EduRAG - INFO - Redis 连接成功
2025-08-08 16:54:52,862 - EduRAG - INFO - BM25 模型初始化完成
2025-08-08 16:54:52,882 - EduRAG - INFO - 使用设置：cpu
2025-08-08 16:54:55,520 - EduRAG - INFO - 已加载集合 edurag_final
2025-08-08 16:54:55,545 - EduRAG - INFO - 使用设备: cpu
2025-08-08 16:54:55,594 - EduRAG - INFO - 加载模型: /Users/ligang/Desktop/EduRAG课堂资料/codes/integrated_qa_system/rag_qa/core/bert_query_classifier
2025-08-08 16:54:55,617 - EduRAG - INFO - 对话历史表初始化成功
2025-08-08 16:56:57,756 - EduRAG - INFO - MySQL 连接成功
2025-08-08 16:56:57,758 - EduRAG - INFO - Redis 连接成功
2025-08-08 16:56:57,768 - EduRAG - INFO - BM25 模型初始化完成
2025-08-08 16:56:57,788 - EduRAG - INFO - 使用设置：cpu
2025-08-08 16:57:00,348 - EduRAG - INFO - 已加载集合 edurag_final
2025-08-08 16:57:00,371 - EduRAG - INFO - 使用设备: cpu
2025-08-08 16:57:00,419 - EduRAG - INFO - 加载模型: /Users/ligang/Desktop/EduRAG课堂资料/codes/integrated_qa_system/rag_qa/core/bert_query_classifier
2025-08-08 16:57:00,439 - EduRAG - INFO - 对话历史表初始化成功
2025-08-08 16:57:00,439 - EduRAG - INFO - 处理查询: '你是谁' (会话ID: 603db0cf-cfa0-4433-9078-f37f3b29fd7c)
2025-08-08 18:14:49,999 - EduRAG - INFO - MySQL 连接成功
2025-08-08 18:14:50,000 - EduRAG - INFO - Redis 连接成功
2025-08-08 18:14:50,015 - EduRAG - INFO - BM25 模型初始化完成
2025-08-08 18:14:50,041 - EduRAG - INFO - 使用设置：cpu
2025-08-08 18:14:52,964 - EduRAG - INFO - 已加载集合 edurag_final
2025-08-08 18:14:52,998 - EduRAG - INFO - 使用设备: cpu
2025-08-08 18:14:53,051 - EduRAG - INFO - 加载模型: /Users/ligang/Desktop/EduRAG课堂资料/codes/integrated_qa_system/rag_qa/core/bert_query_classifier
2025-08-08 18:14:53,096 - EduRAG - INFO - 对话历史表初始化成功
2025-08-08 18:15:54,005 - EduRAG - INFO - MySQL 连接成功
2025-08-08 18:15:54,007 - EduRAG - INFO - Redis 连接成功
2025-08-08 18:15:54,016 - EduRAG - INFO - BM25 模型初始化完成
2025-08-08 18:15:54,047 - EduRAG - INFO - 使用设置：cpu
2025-08-08 18:15:57,138 - EduRAG - INFO - 已加载集合 edurag_final
2025-08-08 18:15:57,164 - EduRAG - INFO - 使用设备: cpu
2025-08-08 18:15:57,222 - EduRAG - INFO - 加载模型: /Users/ligang/Desktop/EduRAG课堂资料/codes/integrated_qa_system/rag_qa/core/bert_query_classifier
2025-08-08 18:15:57,247 - EduRAG - INFO - 对话历史表初始化成功
2025-08-08 18:17:02,452 - EduRAG - INFO - MySQL 连接成功
2025-08-08 18:17:02,455 - EduRAG - INFO - Redis 连接成功
2025-08-08 18:17:02,471 - EduRAG - INFO - BM25 模型初始化完成
2025-08-08 18:17:02,494 - EduRAG - INFO - 使用设置：cpu
2025-08-08 18:17:05,405 - EduRAG - INFO - 已加载集合 edurag_final
2025-08-08 18:17:05,439 - EduRAG - INFO - 使用设备: cpu
2025-08-08 18:17:05,494 - EduRAG - INFO - 加载模型: /Users/ligang/Desktop/EduRAG课堂资料/codes/integrated_qa_system/rag_qa/core/bert_query_classifier
2025-08-08 18:17:05,513 - EduRAG - INFO - 对话历史表初始化成功
2025-08-08 18:17:27,763 - EduRAG - INFO - MySQL 连接成功
2025-08-08 18:17:27,764 - EduRAG - INFO - Redis 连接成功
2025-08-08 18:17:27,778 - EduRAG - INFO - BM25 模型初始化完成
2025-08-08 18:17:27,803 - EduRAG - INFO - 使用设置：cpu
2025-08-08 18:17:31,064 - EduRAG - INFO - 已加载集合 edurag_final
2025-08-08 18:17:31,094 - EduRAG - INFO - 使用设备: cpu
2025-08-08 18:17:31,150 - EduRAG - INFO - 加载模型: /Users/ligang/Desktop/EduRAG课堂资料/codes/integrated_qa_system/rag_qa/core/bert_query_classifier
2025-08-08 18:17:31,178 - EduRAG - INFO - 对话历史表初始化成功
2025-08-08 18:18:10,274 - EduRAG - INFO - MySQL 连接成功
2025-08-08 18:18:10,276 - EduRAG - INFO - Redis 连接成功
2025-08-08 18:18:10,286 - EduRAG - INFO - BM25 模型初始化完成
2025-08-08 18:18:10,307 - EduRAG - INFO - 使用设置：cpu
2025-08-08 18:18:13,311 - EduRAG - INFO - 已加载集合 edurag_final
2025-08-08 18:18:13,339 - EduRAG - INFO - 使用设备: cpu
2025-08-08 18:18:13,393 - EduRAG - INFO - 加载模型: /Users/ligang/Desktop/EduRAG课堂资料/codes/integrated_qa_system/rag_qa/core/bert_query_classifier
2025-08-08 18:18:13,411 - EduRAG - INFO - 对话历史表初始化成功
2025-08-08 18:18:35,633 - EduRAG - INFO - MySQL 连接成功
2025-08-08 18:18:35,635 - EduRAG - INFO - Redis 连接成功
2025-08-08 18:18:35,643 - EduRAG - INFO - BM25 模型初始化完成
2025-08-08 18:18:35,667 - EduRAG - INFO - 使用设置：cpu
2025-08-08 18:18:38,866 - EduRAG - INFO - 已加载集合 edurag_final
2025-08-08 18:18:38,899 - EduRAG - INFO - 使用设备: cpu
2025-08-08 18:18:38,953 - EduRAG - INFO - 加载模型: /Users/ligang/Desktop/EduRAG课堂资料/codes/integrated_qa_system/rag_qa/core/bert_query_classifier
2025-08-08 18:18:38,974 - EduRAG - INFO - 对话历史表初始化成功
2025-08-08 18:19:34,686 - EduRAG - INFO - MySQL 连接成功
2025-08-08 18:19:34,688 - EduRAG - INFO - Redis 连接成功
2025-08-08 18:19:34,705 - EduRAG - INFO - BM25 模型初始化完成
2025-08-08 18:19:34,729 - EduRAG - INFO - 使用设置：cpu
2025-08-08 18:19:38,252 - EduRAG - INFO - 已加载集合 edurag_final
2025-08-08 18:19:38,297 - EduRAG - INFO - 使用设备: cpu
2025-08-08 18:19:38,357 - EduRAG - INFO - 加载模型: /Users/ligang/Desktop/EduRAG课堂资料/codes/integrated_qa_system/rag_qa/core/bert_query_classifier
2025-08-08 18:19:38,383 - EduRAG - INFO - 对话历史表初始化成功
2025-08-08 18:20:01,749 - EduRAG - INFO - MySQL 连接成功
2025-08-08 18:20:01,752 - EduRAG - INFO - Redis 连接成功
2025-08-08 18:20:01,766 - EduRAG - INFO - BM25 模型初始化完成
2025-08-08 18:20:01,792 - EduRAG - INFO - 使用设置：cpu
2025-08-08 18:20:07,001 - EduRAG - INFO - 已加载集合 edurag_final
2025-08-08 18:20:07,055 - EduRAG - INFO - 使用设备: cpu
2025-08-08 18:20:07,166 - EduRAG - INFO - 加载模型: /Users/ligang/Desktop/EduRAG课堂资料/codes/integrated_qa_system/rag_qa/core/bert_query_classifier
2025-08-08 18:20:07,195 - EduRAG - INFO - 对话历史表初始化成功
2025-08-08 18:22:00,036 - EduRAG - INFO - 使用设置：cpu
2025-08-08 18:22:03,450 - EduRAG - INFO - 已加载集合 edurag_final
2025-08-08 18:22:03,479 - EduRAG - INFO - 使用设备: cpu
2025-08-08 18:22:03,533 - EduRAG - INFO - 加载模型: /Users/ligang/Desktop/EduRAG课堂资料/codes/integrated_qa_system/rag_qa/core/bert_query_classifier
2025-08-08 18:22:03,554 - EduRAG - INFO - 开始处理查询: 'AI知识的课程大纲内容有什么', 知识过滤: ai
2025-08-08 18:22:04,467 - EduRAG - INFO - 查询分类结果：专业咨询 (查询: 'AI知识的课程大纲内容有什么')
2025-08-08 18:22:04,467 - EduRAG - INFO - 查询为专业咨询，执行 RAG 流程
2025-08-08 18:22:04,952 - EduRAG - INFO - 为查询 'AI知识的课程大纲内容有什么' 选择的检索策略：直接检索
2025-08-08 18:22:04,953 - EduRAG - INFO - 使用直接检索策略 (查询: 'AI知识的课程大纲内容有什么')
2025-08-08 18:22:15,617 - EduRAG - INFO - 策略 '直接检索' 检索到 2 个候选文档 (可能已是父文档)
2025-08-08 18:22:15,617 - EduRAG - INFO - 最终选取 2 个文档作为上下文
2025-08-08 18:22:15,617 - EduRAG - INFO - 构建上下文完成，包含 2 个文档块
2025-08-08 18:22:15,617 - EduRAG - ERROR - 调用LLM失败:call_dashscope() missing 1 required positional argument: 'prompt'
2025-08-08 18:23:45,461 - EduRAG - INFO - 使用设置：cpu
2025-08-08 18:23:48,318 - EduRAG - INFO - 已加载集合 edurag_final
2025-08-08 18:23:48,344 - EduRAG - INFO - 使用设备: cpu
2025-08-08 18:23:48,397 - EduRAG - INFO - 加载模型: /Users/ligang/Desktop/EduRAG课堂资料/codes/integrated_qa_system/rag_qa/core/bert_query_classifier
2025-08-08 18:23:48,420 - EduRAG - INFO - 开始处理查询: 'AI知识的课程大纲内容有什么', 知识过滤: ai
2025-08-08 18:23:49,083 - EduRAG - INFO - 查询分类结果：专业咨询 (查询: 'AI知识的课程大纲内容有什么')
2025-08-08 18:23:49,083 - EduRAG - INFO - 查询为专业咨询，执行 RAG 流程
2025-08-08 18:23:49,666 - EduRAG - INFO - 为查询 'AI知识的课程大纲内容有什么' 选择的检索策略：直接检索
2025-08-08 18:23:49,666 - EduRAG - INFO - 使用直接检索策略 (查询: 'AI知识的课程大纲内容有什么')
2025-08-08 18:23:58,747 - EduRAG - INFO - 策略 '直接检索' 检索到 2 个候选文档 (可能已是父文档)
2025-08-08 18:23:58,748 - EduRAG - INFO - 最终选取 2 个文档作为上下文
2025-08-08 18:23:58,748 - EduRAG - INFO - 构建上下文完成，包含 2 个文档块
2025-08-08 18:24:06,870 - EduRAG - INFO - LLM查询处理完成（耗时：18.45s, 查询：AI知识的课程大纲内容有什么)
2025-08-08 18:26:58,366 - EduRAG - INFO - MySQL 连接成功
2025-08-08 18:26:58,368 - EduRAG - INFO - Redis 连接成功
2025-08-08 18:26:58,387 - EduRAG - INFO - BM25 模型初始化完成
2025-08-08 18:26:58,407 - EduRAG - INFO - 使用设置：cpu
2025-08-08 18:27:01,286 - EduRAG - INFO - 已加载集合 edurag_final
2025-08-08 18:27:01,311 - EduRAG - INFO - 使用设备: cpu
2025-08-08 18:27:01,364 - EduRAG - INFO - 加载模型: /Users/ligang/Desktop/EduRAG课堂资料/codes/integrated_qa_system/rag_qa/core/bert_query_classifier
2025-08-08 18:27:01,410 - EduRAG - INFO - 对话历史表初始化成功
2025-08-08 18:27:01,410 - EduRAG - INFO - 处理查询: '什么是AI' (会话ID: None)
2025-08-08 18:27:01,413 - EduRAG - INFO - 开始预处理文本
2025-08-08 18:27:01,799 - EduRAG - INFO - 未找到可靠答案，最高 Softmax 相似度: 0.188
2025-08-08 18:27:01,799 - EduRAG - INFO - 无可靠MySQL答案，回退到RAG
2025-08-08 18:27:18,515 - EduRAG - INFO - MySQL 连接成功
2025-08-08 18:27:18,517 - EduRAG - INFO - Redis 连接成功
2025-08-08 18:27:18,527 - EduRAG - INFO - BM25 模型初始化完成
2025-08-08 18:27:18,550 - EduRAG - INFO - 使用设置：cpu
2025-08-08 18:27:21,496 - EduRAG - INFO - 已加载集合 edurag_final
2025-08-08 18:27:21,521 - EduRAG - INFO - 使用设备: cpu
2025-08-08 18:27:21,568 - EduRAG - INFO - 加载模型: /Users/ligang/Desktop/EduRAG课堂资料/codes/integrated_qa_system/rag_qa/core/bert_query_classifier
2025-08-08 18:27:21,596 - EduRAG - INFO - 对话历史表初始化成功
2025-08-08 18:27:21,596 - EduRAG - INFO - 处理查询: '什么是AI' (会话ID: None)
2025-08-08 18:27:21,599 - EduRAG - INFO - 开始预处理文本
2025-08-08 18:27:22,005 - EduRAG - INFO - 未找到可靠答案，最高 Softmax 相似度: 0.188
2025-08-08 18:27:22,006 - EduRAG - INFO - 无可靠MySQL答案，回退到RAG
2025-08-08 18:27:22,006 - EduRAG - INFO - 开始处理查询: '什么是AI', 知识过滤: None
2025-08-08 18:27:22,801 - EduRAG - INFO - 查询分类结果：通用知识 (查询: '什么是AI')
2025-08-08 18:27:22,801 - EduRAG - INFO - 查询为通用知识，直接调用 LLM
2025-08-08 18:27:26,538 - EduRAG - INFO - LLM查询处理完成（耗时：4.53s, 查询：什么是AI)
2025-08-08 18:34:52,717 - EduRAG - INFO - MySQL 连接成功
2025-08-08 18:34:52,719 - EduRAG - INFO - Redis 连接成功
2025-08-08 18:34:52,727 - EduRAG - INFO - BM25 模型初始化完成
2025-08-08 18:34:52,748 - EduRAG - INFO - 使用设置：cpu
2025-08-08 18:34:55,288 - EduRAG - INFO - 已加载集合 edurag_final
2025-08-08 18:34:55,310 - EduRAG - INFO - 使用设备: cpu
2025-08-08 18:34:55,358 - EduRAG - INFO - 加载模型: /Users/ligang/Desktop/EduRAG课堂资料/codes/integrated_qa_system/rag_qa/core/bert_query_classifier
2025-08-08 18:34:55,384 - EduRAG - INFO - 对话历史表初始化成功
2025-08-08 18:34:55,384 - EduRAG - INFO - 处理查询: '什么是AI' (会话ID: None)
2025-08-08 18:34:55,387 - EduRAG - INFO - 开始预处理文本
2025-08-08 18:34:55,693 - EduRAG - INFO - 未找到可靠答案，最高 Softmax 相似度: 0.188
2025-08-08 18:34:55,693 - EduRAG - INFO - 无可靠MySQL答案，回退到RAG
2025-08-08 18:34:55,693 - EduRAG - INFO - 开始处理查询: '什么是AI', 知识过滤: None
2025-08-08 18:34:56,372 - EduRAG - INFO - 查询分类结果：通用知识 (查询: '什么是AI')
2025-08-08 18:34:56,372 - EduRAG - INFO - 查询为通用知识，直接调用 LLM
2025-08-08 18:34:58,486 - EduRAG - INFO - LLM查询处理完成（耗时：2.79s, 查询：什么是AI)
2025-08-08 18:34:58,486 - EduRAG - INFO - 查询处理耗时 3.10秒
